timestamp,open,high,low,close,volume
2022-01-28,1051.8199,1116.2600,1013.7200,1113.9800,280910
2022-01-27,1146.6801,1146.6801,1035.8500,1040.0300,280600
2022-01-26,1172.4000,1192.5500,1081.4399,1101.1700,432700
2022-01-25,1148.8000,1181.3101,1067.9301,1129.7700,375900
2022-01-24,1042.4000,1216.7600,990.0000,1188.4600,541700
2022-01-21,1252.0500,1269.1400,1091.7600,1110.4000,431100
2022-01-20,1311.9800,1350.2400,1279.1700,1282.1899,159000
2022-01-19,1334.3800,1399.0000,1287.0800,1289.8199,283600
2022-01-18,1354.6700,1361.1400,1291.6500,1321.0400,282500
2022-01-17,1378.6000,1397.2900,1345.3101,1389.5500,74100
2022-01-14,1312.7500,1394.5100,1312.7500,1382.0699,227600
2022-01-13,1468.9900,1468.9900,1329.9301,1333.0601,281900
2022-01-12,1487.4600,1489.0000,1449.0300,1461.8500,252800
2022-01-11,1388.2100,1466.3700,1375.0000,1456.7700,251900
2022-01-10,1405.0500,1434.1801,1350.1600,1433.8900,259400
2022-01-07,1487.4301,1498.1500,1424.9500,1446.1801,271800
2022-01-06,1498.8199,1524.7000,1456.7100,1487.4700,212600
2022-01-05,1541.2000,1555.8900,1498.0100,1513.4500,254000
2022-01-04,1742.3700,1742.3700,1540.0000,1552.2300,390900
2021-12-31,1781.3900,1781.4000,1740.7700,1741.6900,98397
2021-12-30,1776.3101,1833.4500,1776.3101,1781.5100,156300
2021-12-29,1770.1800,1791.1400,1730.1300,1781.4700,162865
2021-12-24,1828.0601,1849.9900,1812.3700,1813.5500,21500
2021-12-23,1788.0000,1847.9000,1772.8700,1840.0000,139000
2021-12-22,1764.8300,1786.7900,1745.0000,1776.6700,144800
2021-12-21,1703.0400,1770.8700,1687.4100,1770.1600,154300
2021-12-20,1693.5400,1710.6300,1649.5800,1662.2100,144600
2021-12-17,1672.0000,1731.7100,1645.0000,1705.3700,448000
2021-12-16,1815.2100,1815.2100,1660.8600,1693.6899,307400
2021-12-15,1741.4000,1765.0800,1664.5699,1753.5900,367800
2021-12-14,1762.4399,1797.7000,1709.9100,1740.4700,190800
2021-12-13,1840.0000,1880.2700,1758.3700,1792.1500,288100
2021-12-10,1908.0900,1945.0000,1835.9700,1857.2200,165500
2021-12-09,1909.9399,1945.0000,1885.9399,1899.1200,112900
2021-12-08,1897.9900,1939.8000,1885.7900,1922.2900,135800
2021-12-07,1860.0000,1943.0000,1858.5300,1924.4700,230801
2021-12-06,1767.4399,1825.8000,1719.5800,1823.5300,207095
2021-12-03,1860.1700,1875.7100,1742.7100,1809.6700,223200
2021-12-02,1874.3500,1902.2300,1834.6400,1853.9000,183400
2021-12-01,1979.9900,1982.1000,1869.8300,1873.2500,224300
2021-11-30,2036.9100,2074.3999,1936.4000,1941.0300,319500
2021-11-29,2013.0000,2018.6700,1948.2700,2000.0000,197100
2021-11-26,2099.7900,2120.0000,2001.3400,2003.9500,167700
2021-11-25,2084.1399,2106.6799,2046.1000,2075.0400,58600
2021-11-24,1979.4900,2079.1499,1954.9301,2060.0000,238500
2021-11-23,2027.2000,2046.6500,1950.0000,1993.9399,180400
2021-11-22,2165.1101,2165.1101,2006.0000,2027.6700,205800
2021-11-19,2165.2000,2228.7300,2131.7900,2139.8201,140900
2021-11-18,2074.4099,2137.0000,2066.5801,2118.4700,118900
2021-11-17,2088.0100,2106.7500,2064.4700,2065.9900,122300
2021-11-16,2069.9900,2146.9800,2045.3500,2104.6699,123800
2021-11-15,2066.1499,2128.6001,2045.0000,2072.8201,169400
2021-11-12,1898.0000,2100.8301,1897.9900,2095.0100,324500
2021-11-11,1879.5000,1903.3000,1874.1000,1877.6500,75200
2021-11-10,1914.3400,1916.0699,1837.6100,1842.8300,106400
2021-11-09,1916.7400,1946.2400,1897.0300,1935.3000,94900
2021-11-08,1914.5800,1948.2000,1901.9900,1910.7400,103400
2021-11-05,1924.5100,1928.7900,1880.8500,1902.5699,134100
2021-11-04,1870.4200,1930.1000,1862.0699,1919.6400,152400
2021-11-03,1858.9900,1859.9900,1807.4800,1851.4000,64800
2021-11-02,1889.8300,1902.5900,1824.8900,1831.2900,151900
2021-11-01,1822.5100,1894.3500,1811.7100,1889.8300,235800
2021-10-29,1772.0900,1842.0000,1755.9500,1807.0200,192200
2021-10-28,1660.5800,1850.6000,1646.7200,1800.0400,384600
2021-10-27,1708.3800,1711.1100,1652.3600,1681.6700,153000
2021-10-26,1770.8400,1770.9700,1682.0000,1688.6300,180200
2021-10-25,1766.0000,1781.8500,1729.6899,1765.8500,124000
2021-10-22,1818.9500,1819.0000,1738.9100,1764.3300,187300
2021-10-21,1817.9900,1862.6400,1815.0000,1850.5800,65600
2021-10-20,1851.7500,1856.2000,1803.3900,1834.0500,75700
2021-10-19,1829.0000,1853.9600,1819.5800,1836.8199,85500
2021-10-18,1758.3800,1815.2900,1756.9700,1814.2700,77100
2021-10-15,1754.8000,1769.8101,1730.0000,1763.3700,70500
2021-10-14,1760.0000,1763.9600,1735.0000,1741.6300,60900
2021-10-13,1712.7900,1740.6700,1705.6700,1740.6700,77000
2021-10-12,1708.9800,1718.4100,1684.0000,1690.9200,123800
2021-10-08,1770.1100,1784.9900,1713.6899,1717.3400,128500
2021-10-07,1728.6801,1763.2200,1719.1300,1756.8101,130400
2021-10-06,1654.2000,1709.9301,1650.1600,1698.4900,126000
2021-10-05,1654.7900,1701.7200,1654.7900,1656.0100,102700
2021-10-04,1674.8000,1676.0000,1617.0000,1654.7500,127200
2021-10-01,1713.6100,1735.0000,1693.4600,1707.0699,103600
2021-09-30,1724.6899,1747.2800,1713.3700,1719.2200,141500
2021-09-29,1750.0100,1768.9200,1711.1000,1717.9100,121100
2021-09-28,1790.0000,1801.0900,1726.1801,1734.9000,177000
2021-09-27,1809.6600,1832.1801,1790.2400,1822.6801,146000
2021-09-24,1861.9399,1872.4600,1809.2800,1828.2900,79600
2021-09-23,1865.0000,1875.6700,1845.0000,1867.2500,57600
2021-09-22,1849.5400,1874.0000,1836.9200,1871.9200,105500
2021-09-21,1856.4000,1856.4000,1827.0000,1843.3000,131000
2021-09-20,1850.0000,1876.6000,1800.0000,1835.6000,175000
2021-09-17,1845.9800,1895.5200,1844.0500,1895.2300,476800
2021-09-16,1861.3700,1874.7400,1838.5800,1870.2900,77800
2021-09-15,1849.9500,1865.8000,1814.4600,1861.4100,115300
2021-09-14,1865.8800,1873.7000,1831.1801,1838.9399,190100
2021-09-13,1897.9900,1897.9900,1815.0000,1866.6801,243500
2021-09-10,1914.1899,1914.1899,1874.6500,1881.8000,82200
2021-09-09,1883.4399,1922.3000,1883.4399,1901.8199,96000
2021-09-08,1942.2500,1947.4100,1871.0100,1875.2700,145200
2021-09-07,1957.0100,1967.4900,1923.7200,1944.7800,125100
2021-09-03,1934.9900,1961.2800,1932.0000,1946.4800,82700
2021-09-02,1942.6400,1993.0000,1933.0000,1934.9500,116000
2021-09-01,1934.0400,1958.0500,1918.8300,1942.5601,78800
2021-08-31,1960.2600,1961.5000,1919.0000,1926.5900,144700
2021-08-30,1940.0000,1965.2500,1924.6801,1952.0000,57400
2021-08-27,1928.0100,1944.0601,1921.4500,1934.1400,69600
2021-08-26,1948.5100,1963.3600,1920.3400,1920.4301,61300
2021-08-25,1947.7800,1965.1000,1908.0000,1953.4301,120300
2021-08-24,1903.6400,1967.0000,1903.3500,1939.8101,113000
2021-08-23,1850.6000,1881.2300,1845.0000,1876.3101,59200
2021-08-20,1892.5300,1914.0000,1850.0000,1861.9500,107400
2021-08-19,1872.0300,1916.5000,1871.0000,1881.1000,67000
2021-08-18,1871.4000,1909.5000,1859.8700,1886.7600,91600
2021-08-17,1860.6400,1882.0000,1842.0000,1870.8500,80500
2021-08-16,1871.7400,1925.0000,1850.0000,1872.0500,92700
2021-08-13,1889.9900,1889.9900,1851.9200,1874.6500,57700
2021-08-12,1866.8700,1895.0000,1828.8101,1881.5100,72900
2021-08-11,1918.1500,1920.7700,1853.4000,1857.5000,89400
2021-08-10,1948.8700,1990.0000,1898.1500,1912.4399,238900
2021-08-09,1902.0100,1950.3600,1896.2900,1948.8700,344400
2021-08-06,1920.0100,1943.3199,1887.7600,1915.4600,111800
2021-08-05,1954.7900,1966.5400,1922.8800,1931.6700,132500
2021-08-04,1917.8000,1955.0000,1903.2700,1952.3101,92900
2021-08-03,1938.0000,1956.3400,1883.2100,1910.0800,175200
2021-07-30,1867.0000,1901.2800,1856.8800,1873.0000,172500
2021-07-29,1903.8600,1938.4500,1878.2900,1899.3800,160700
2021-07-28,1980.7800,1988.0000,1887.0400,1930.6600,222600
2021-07-27,1994.9500,2014.4500,1904.4700,1958.3000,252800
2021-07-26,2073.0300,2075.8799,1980.0500,1987.7200,220600
2021-07-23,2022.0100,2069.7900,2009.4500,2068.4500,159600
2021-07-22,1974.9900,2014.3500,1972.0100,2003.5100,161500
2021-07-21,1930.0300,1972.8700,1919.6500,1972.0100,169800
2021-07-20,1881.3400,1943.8800,1862.2000,1934.9399,185000
2021-07-19,1799.2300,1882.7400,1777.3600,1875.1200,192400
2021-07-16,1821.6400,1840.0000,1799.8199,1819.6300,119300
2021-07-15,1856.4000,1858.4399,1791.0500,1814.7900,121100
2021-07-14,1911.9100,1930.3199,1824.6300,1830.0400,157900
2021-07-13,1869.9900,1918.5800,1866.9399,1899.8600,97700
2021-07-12,1883.5500,1913.0500,1840.8400,1862.2400,86200
2021-07-09,1838.0100,1864.2400,1821.9000,1862.9700,102600
2021-07-08,1850.2100,1880.6000,1821.4900,1838.0300,163600
2021-07-07,1935.5000,1974.9900,1886.2800,1898.6600,191300
2021-07-06,1815.0100,1918.4100,1815.0100,1916.3600,200800
2021-07-05,1812.8300,1819.0000,1803.1801,1814.1801,29700
2021-07-02,1812.9600,1850.1000,1786.8199,1808.2500,91200
2021-06-30,1828.0100,1843.8199,1804.6000,1812.8700,136700
2021-06-29,1855.7900,1873.8400,1827.2000,1838.7700,98200
2021-06-28,1831.1200,1880.0000,1825.0000,1844.6700,102700
2021-06-25,1828.5300,1828.5300,1756.8400,1812.4200,134400
2021-06-24,1860.0000,1881.2100,1817.2600,1822.8400,152300
2021-06-23,1852.4200,1879.9500,1836.8800,1848.0900,121000
2021-06-22,1832.2200,1875.0000,1816.2000,1850.3600,186200
2021-06-21,1829.5100,1920.0000,1801.0000,1823.7000,290700
2021-06-18,1785.5699,1846.4500,1775.0000,1820.3700,522500
2021-06-17,1671.0000,1804.7150,1666.9800,1790.0100,246400
2021-06-16,1616.4900,1685.0000,1609.1899,1670.4700,205600
2021-06-15,1597.5500,1641.9800,1567.4399,1612.1100,164300
2021-06-14,1517.9500,1591.0000,1516.2200,1585.8300,153600
2021-06-11,1493.3500,1518.9000,1492.2800,1518.0800,81700
2021-06-10,1472.1801,1495.5900,1450.0000,1493.2500,75600
2021-06-09,1487.0400,1498.1500,1471.6600,1472.0200,57300
2021-06-08,1496.3300,1513.8000,1465.0000,1488.2800,105800
2021-06-07,1460.0100,1487.8500,1434.8500,1482.9399,183600
2021-06-04,1457.0400,1480.1600,1452.7100,1457.1500,68100
2021-06-03,1475.1801,1487.4100,1447.4200,1448.9600,116200
2021-06-02,1522.0000,1523.0000,1468.6400,1479.4700,118600
2021-06-01,1511.5900,1537.5000,1495.1400,1510.7200,153900
2021-05-31,1509.0000,1509.0000,1479.0000,1480.3199,68700
2021-05-28,1510.2000,1536.3199,1499.5800,1502.4200,119100
2021-05-27,1489.9900,1515.7700,1467.7900,1492.8199,325700
2021-05-26,1514.6500,1534.9301,1492.0000,1499.4000,119500
2021-05-25,1525.7400,1542.0000,1484.8400,1496.6801,177900
2021-05-21,1473.9900,1505.0150,1438.0000,1473.7800,168600
2021-05-20,1425.8101,1475.9800,1416.5300,1464.3400,154900
2021-05-19,1325.2300,1420.0000,1325.2300,1419.2200,216400
2021-05-18,1329.9700,1388.4200,1321.4500,1365.6500,161300
2021-05-17,1309.9301,1342.8700,1295.0000,1322.6000,88700
2021-05-14,1285.0000,1317.7000,1264.2700,1314.4700,118200
2021-05-13,1339.9600,1345.3600,1251.7400,1274.9900,169500
2021-05-12,1309.9000,1334.2900,1280.0000,1315.4900,177700
2021-05-11,1252.2000,1355.2900,1248.5500,1342.8900,203500
2021-05-10,1338.6100,1338.6100,1286.1600,1303.2800,234600
2021-05-07,1359.4800,1372.9900,1331.9301,1345.3600,162200
2021-05-06,1360.0100,1370.1500,1302.9100,1324.4900,190600
2021-05-05,1411.0500,1418.2900,1364.6100,1376.0500,152300
2021-05-04,1370.0000,1407.7800,1325.3101,1405.6600,163000
2021-05-03,1466.3900,1466.3900,1375.0000,1375.0000,165200
2021-04-30,1490.0000,1501.5500,1444.2500,1450.9000,179500
2021-04-29,1595.0000,1598.2100,1509.0000,1514.3300,166400
2021-04-28,1505.9200,1610.0000,1477.7600,1589.4700,325500
2021-04-27,1451.0400,1451.0400,1408.2500,1430.4500,90800
2021-04-26,1373.7700,1443.7600,1373.7700,1441.5500,112800
2021-04-23,1366.7800,1383.4399,1360.0601,1373.7300,97100
2021-04-22,1439.9100,1445.4200,1365.9600,1366.7200,136130
2021-04-21,1416.0700,1438.1600,1404.3500,1425.9900,87416
2021-04-20,1424.2400,1450.1000,1396.8100,1416.0800,109306
2021-04-19,1496.9500,1502.0500,1432.2800,1432.2800,130253
2021-04-16,1515.3200,1525.0000,1486.5000,1510.3400,102684
2021-04-15,1500.0900,1532.1000,1486.0000,1511.7800,111003
2021-04-14,1564.0000,1569.3100,1472.1500,1476.0600,132018
2021-04-13,1526.7900,1565.0000,1526.7900,1555.5700,129436
2021-04-12,1530.2100,1536.7700,1492.0000,1508.5200,140134
2021-04-09,1520.8100,1546.8900,1495.0000,1537.0300,143513
2021-04-08,1484.0000,1539.7000,1484.0000,1536.8400,163918
2021-04-07,1449.0000,1481.5600,1441.0000,1462.1200,96277
2021-04-06,1446.7900,1480.0000,1435.1500,1453.4000,127355
2021-04-05,1474.0000,1474.0000,1422.6000,1434.3800,74476
2021-04-01,1439.0000,1481.3100,1426.3600,1448.1800,156443
2021-03-31,1352.9900,1405.8200,1344.3700,1387.4300,224036
2021-03-30,1295.2000,1355.0000,1288.1200,1324.5600,129468
2021-03-29,1343.9900,1354.0000,1295.8100,1307.2000,147702
2021-03-26,1324.3600,1363.4400,1267.4500,1334.0000,264063
2021-03-25,1377.7900,1389.6800,1328.4300,1337.5200,188366
2021-03-24,1475.4100,1490.0000,1386.1000,1390.4600,277294
2021-03-23,1456.0900,1470.1200,1436.2200,1461.6800,114772
2021-03-22,1399.9800,1452.8500,1398.8200,1450.5400,100540
2021-03-19,1397.6700,1423.2300,1386.0000,1399.9800,739960
2021-03-18,1426.9900,1431.2200,1386.4900,1398.2700,158787
2021-03-17,1400.0000,1462.6900,1372.0000,1451.5400,183047
2021-03-16,1475.2600,1483.2000,1400.0000,1417.8500,320438
2021-03-15,1422.9100,1446.1400,1388.0000,1445.3800,115129
2021-03-12,1405.1300,1428.5800,1372.6300,1422.9100,149901
2021-03-11,1414.0900,1452.7500,1372.9600,1431.5300,234587
2021-03-10,1480.0900,1480.0900,1364.4800,1378.2200,235847
2021-03-09,1411.7500,1451.0000,1393.5600,1431.0600,211970
2021-03-08,1424.3400,1473.3800,1357.7000,1366.5100,235294
2021-03-05,1459.5100,1459.5100,1296.4300,1431.8000,471366
2021-03-04,1519.6600,1542.2900,1413.1800,1455.9900,351372
2021-03-03,1629.6800,1650.3900,1541.0400,1545.0300,193938
2021-03-02,1667.2000,1667.2000,1584.9400,1653.7900,237514
2021-03-01,1665.7400,1684.5800,1625.0000,1655.4100,262833
2021-02-26,1599.7800,1648.7300,1568.0000,1648.7300,614257
2021-02-25,1616.3900,1647.3800,1538.8400,1572.4900,348442
2021-02-24,1645.5000,1658.0000,1588.9800,1632.4400,311931
2021-02-23,1600.8300,1663.0000,1527.8700,1637.2600,285845
2021-02-22,1770.2100,1786.1600,1718.2900,1742.2600,266313
2021-02-19,1757.1400,1815.0000,1738.3600,1810.5800,201457
2021-02-18,1760.9300,1796.8500,1750.0000,1755.6000,161987
2021-02-17,1744.9500,1853.0000,1719.5000,1804.1800,327701
2021-02-16,1867.1900,1892.2900,1817.9600,1856.0300,159771
2021-02-12,1859.5100,1875.0000,1825.0000,1847.2000,112960
2021-02-11,1864.0000,1874.3600,1828.6200,1858.0100,105736
2021-02-10,1825.4800,1900.5800,1794.2400,1857.3400,208078
2021-02-09,1739.2100,1845.4600,1731.1800,1822.9900,252244
2021-02-08,1666.5500,1717.9400,1655.0000,1717.9400,183574
2021-02-05,1626.9900,1657.0000,1605.5400,1643.8500,151368
2021-02-04,1586.2400,1645.0000,1582.3500,1614.4600,185599
2021-02-03,1577.0100,1592.1500,1533.2000,1562.1800,210676
2021-02-02,1493.5400,1585.3000,1491.2200,1581.3200,259833
2021-02-01,1421.9900,1476.5900,1410.0000,1472.4500,122835
2021-01-29,1428.4900,1434.7000,1384.9300,1394.2900,202745
2021-01-28,1426.3500,1455.2400,1398.6000,1434.0300,307424
2021-01-27,1469.6300,1469.6300,1385.0000,1397.7000,341686
2021-01-26,1533.8600,1543.6900,1470.0000,1472.1200,122979
2021-01-25,1531.1400,1586.4700,1490.0000,1536.6400,190941
2021-01-22,1507.0000,1527.7500,1497.0700,1522.5400,83868
2021-01-21,1526.0000,1532.9900,1491.2100,1510.8500,113798
2021-01-20,1495.1600,1535.6600,1492.7400,1517.3900,137534
2021-01-19,1511.8400,1516.2800,1464.0000,1494.3900,159651
2021-01-18,1470.0100,1536.7100,1470.0000,1517.1200,67169
2021-01-15,1505.3800,1517.1500,1465.1600,1490.9500,99026
2021-01-14,1560.2100,1560.2200,1479.4300,1488.6800,231369
2021-01-13,1520.0900,1526.5000,1490.5500,1523.5600,121464
2021-01-12,1524.4300,1538.9900,1489.0000,1512.6600,124893
2021-01-11,1500.0100,1558.5000,1490.0000,1502.4100,181941
2021-01-08,1491.2200,1516.7200,1465.2600,1516.7200,207775
2021-01-07,1410.4100,1473.7600,1402.2900,1470.9000,182017
2021-01-06,1393.2500,1406.4300,1368.5700,1376.0500,176251
2021-01-05,1400.9900,1417.5700,1383.8200,1412.5600,159739
2021-01-04,1452.5000,1453.0600,1378.6800,1396.1900,160872
2020-12-31,1481.1200,1481.1200,1436.5500,1437.3200,146898
2020-12-30,1507.7100,1510.0000,1464.6400,1482.4800,106923
2020-12-29,1498.6200,1535.9700,1470.1900,1500.3300,246723
2020-12-24,1556.1100,1590.0000,1553.1100,1568.1900,91107
2020-12-23,1630.2100,1640.0000,1539.7800,1542.4600,307817
2020-12-22,1551.1100,1658.7900,1548.0000,1649.2300,289567
2020-12-21,1485.2000,1545.0000,1474.5600,1537.4400,204346
2020-12-18,1505.6700,1509.9900,1484.9600,1500.9200,633235
2020-12-17,1480.0000,1534.2500,1465.9200,1506.7700,325679
2020-12-16,1364.8100,1484.1100,1364.8100,1474.6800,356306
2020-12-15,1340.2100,1382.7300,1339.0000,1361.5700,199589
2020-12-14,1353.0900,1377.5900,1324.5100,1350.2600,188089
2020-12-11,1364.7900,1374.9200,1326.3000,1349.6600,145624
2020-12-10,1300.0100,1365.5000,1299.9900,1359.9300,140309
2020-12-09,1400.2100,1409.8500,1320.5800,1326.9500,258901
2020-12-08,1386.4300,1415.0000,1384.0000,1411.9000,168520
2020-12-07,1352.0700,1392.0000,1352.0000,1385.7400,153226
2020-12-04,1372.1400,1381.1500,1344.0000,1346.7400,138617
2020-12-03,1399.7900,1433.0000,1365.6100,1369.8200,273244
2020-12-02,1365.9600,1401.7100,1340.0000,1396.4900,191569
2020-12-01,1402.1100,1409.3200,1365.0000,1383.8600,280806
2020-11-30,1360.0000,1420.0000,1340.3200,1397.7700,367619
2020-11-27,1343.1800,1355.7700,1310.9900,1343.0000,118171
2020-11-26,1329.9900,1345.0000,1320.5000,1337.1800,69970
2020-11-25,1265.0100,1327.0000,1265.0100,1317.0900,270876
2020-11-24,1285.6900,1286.0000,1255.0000,1263.3800,205144
2020-11-23,1288.9100,1293.8100,1262.1400,1280.3000,267677
2020-11-20,1273.7700,1305.9400,1270.0000,1294.6700,189587
2020-11-19,1239.2300,1283.3300,1230.0000,1262.0000,190978
2020-11-18,1192.3800,1221.5600,1184.3300,1218.1600,139711
2020-11-17,1203.0700,1215.6800,1185.4200,1192.7200,141347
2020-11-16,1169.4000,1203.9000,1151.0200,1203.8300,178855
2020-11-13,1225.5000,1231.8800,1195.0000,1205.1300,144498
2020-11-12,1242.7400,1252.7400,1210.8100,1213.8300,183407
2020-11-11,1175.4300,1238.6200,1174.6300,1237.7900,162805
2020-11-10,1175.4800,1200.5200,1140.0000,1154.9700,394763
2020-11-09,1284.6700,1284.6700,1168.5300,1173.5300,442119
2020-11-06,1340.2100,1361.6100,1314.1000,1361.4500,148020
2020-11-05,1348.9800,1354.0000,1312.9400,1352.8400,191241
2020-11-04,1289.0100,1321.0000,1263.7000,1303.7200,260188
2020-11-03,1207.8200,1252.8000,1199.9900,1237.0100,177947
2020-11-02,1242.8000,1264.9000,1191.1900,1210.7400,196348
2020-10-30,1292.2000,1309.0000,1209.5200,1228.2300,260191
2020-10-29,1405.7900,1410.1000,1296.4100,1296.4100,290218
2020-10-28,1397.7600,1410.0000,1353.8950,1364.4100,222357
2020-10-27,1402.2100,1432.6100,1392.8000,1420.6800,200486
2020-10-26,1348.6800,1375.0700,1333.2600,1369.8600,162056
2020-10-23,1312.3600,1348.7600,1309.0000,1348.7600,114615
2020-10-22,1349.3000,1359.0000,1303.3300,1322.3100,178204
2020-10-21,1389.3100,1402.0000,1338.0000,1341.6200,144163
2020-10-20,1412.6300,1420.4400,1374.3500,1388.8600,156945
2020-10-19,1409.8000,1434.2700,1391.4300,1397.7600,136045
2020-10-16,1430.4100,1456.6900,1404.5900,1407.9000,137608
2020-10-15,1399.0100,1430.9200,1384.9000,1425.3600,173962
2020-10-14,1463.9900,1464.9900,1405.5100,1424.6300,204080
2020-10-13,1439.0200,1458.1000,1426.5100,1455.9500,206914
2020-10-09,1412.9900,1443.0000,1408.1900,1438.6800,192533
2020-10-08,1435.7200,1435.7200,1398.9000,1411.2700,204766
2020-10-07,1405.5500,1430.0000,1393.4900,1427.6000,189737
2020-10-06,1410.8400,1435.4000,1371.6000,1386.0500,199852
2020-10-05,1373.9400,1413.6100,1346.1400,1413.2800,227356
2020-10-02,1359.0100,1402.0600,1356.5600,1371.5600,210216
2020-10-01,1373.0000,1411.6200,1366.3400,1401.0900,216923
2020-09-30,1391.8900,1394.9300,1352.4100,1361.6900,380991
2020-09-29,1295.2100,1379.0000,1287.3000,1368.0000,365838
2020-09-28,1299.9900,1313.7500,1272.3600,1290.7400,236175
2020-09-25,1217.5200,1286.8200,1217.5200,1286.8200,177014
2020-09-24,1211.0000,1240.0000,1199.3000,1212.9600,157475
2020-09-23,1267.6400,1274.1300,1218.6000,1229.7900,150877
2020-09-22,1256.3600,1272.4300,1202.3600,1268.4000,210439
2020-09-21,1162.9900,1236.4600,1162.9900,1234.7300,163571
2020-09-18,1165.6300,1196.2800,1144.2800,1190.0000,741254
2020-09-17,1134.2100,1152.9400,1109.4100,1143.7000,277384
2020-09-16,1230.2000,1235.0000,1166.0600,1166.5300,243206
2020-09-15,1232.7400,1254.8700,1217.0100,1226.9000,159543
2020-09-14,1224.8900,1246.1100,1211.3500,1231.2200,187633
2020-09-11,1240.2400,1247.4700,1185.9400,1207.5300,199094
2020-09-10,1271.0100,1281.6300,1220.4300,1233.8800,165741
2020-09-09,1253.6300,1281.9800,1230.3800,1250.2600,206776
2020-09-08,1214.7900,1255.2800,1195.0400,1214.4800,328398
2020-09-04,1309.7900,1332.5600,1178.3900,1270.0000,451230
2020-09-03,1373.7800,1384.4300,1310.0000,1330.1500,326196
2020-09-02,1502.0000,1502.0000,1390.7800,1401.7200,329204
2020-09-01,1402.9600,1493.6000,1402.6200,1487.0200,316751
2020-08-31,1358.8900,1397.2000,1350.0000,1393.2300,377758
2020-08-28,1398.2100,1413.0900,1361.5900,1362.4300,176825
2020-08-27,1426.9900,1429.1000,1377.8700,1380.2000,213723
2020-08-26,1375.5300,1464.1000,1375.5200,1434.4100,274582
2020-08-25,1303.7300,1369.5500,1303.7300,1365.1100,183718
2020-08-24,1366.7900,1367.0000,1309.0000,1320.9300,154071
2020-08-21,1370.3400,1380.0000,1340.0000,1346.7600,125252
2020-08-20,1330.0000,1375.8500,1323.3800,1370.1400,144904
2020-08-19,1344.5900,1369.1000,1318.4800,1335.1200,127797
2020-08-18,1348.4500,1354.1000,1310.5400,1348.6100,148748
2020-08-17,1327.9900,1345.6800,1317.4500,1336.0300,126057
2020-08-14,1322.9800,1333.0000,1298.3400,1308.3600,165872
2020-08-13,1325.5000,1351.9800,1306.5900,1322.5100,127212
2020-08-12,1297.2500,1335.4800,1297.2500,1311.6400,169263
2020-08-11,1322.6400,1347.0000,1285.0000,1295.6300,202234
2020-08-10,1414.3200,1420.0000,1320.0000,1343.0800,360032
2020-08-07,1449.5600,1462.0000,1381.8000,1408.0400,152513
2020-08-06,1453.6200,1456.0000,1422.5500,1446.6000,110593
2020-08-05,1431.1900,1467.0000,1420.0000,1453.6200,185924
2020-08-04,1438.0000,1450.6000,1414.8300,1435.5600,217211
2020-07-31,1439.8000,1439.9900,1359.1600,1369.7800,197222
2020-07-30,1390.0000,1428.0000,1348.9300,1412.9800,170865
2020-07-29,1469.8000,1472.9800,1388.0000,1401.2300,336077
2020-07-28,1347.2000,1356.5100,1306.7200,1308.9500,223598
2020-07-27,1274.0800,1305.6200,1258.0000,1305.2500,127252
2020-07-24,1215.0000,1261.5500,1190.0000,1247.0100,149942
2020-07-23,1295.1700,1312.0900,1224.7100,1244.4600,224411
2020-07-22,1300.5400,1316.2000,1262.7400,1282.4000,131089
2020-07-21,1378.7900,1379.9800,1276.0000,1280.8000,231582
2020-07-20,1260.9900,1369.0000,1246.5550,1368.0000,168135
2020-07-17,1266.2900,1276.0000,1230.4700,1261.3500,184873
2020-07-16,1278.1200,1285.4600,1240.0100,1255.5000,176273
2020-07-15,1327.1000,1331.1100,1263.6200,1295.3000,321014
2020-07-14,1315.4700,1355.0000,1230.0000,1325.1600,392103
2020-07-13,1409.8100,1457.9000,1288.6500,1315.1400,335617
2020-07-10,1417.9900,1417.9900,1382.1200,1402.4100,149747
2020-07-09,1384.8600,1427.6500,1378.1400,1412.7900,217362
2020-07-08,1394.4900,1403.1000,1355.8000,1372.8800,94414
2020-07-07,1335.0000,1413.0000,1319.6800,1376.4900,226255
2020-07-06,1418.0100,1431.7800,1333.4100,1334.8200,222543
2020-07-03,1406.0100,1409.2000,1377.1100,1388.0000,45787
2020-07-02,1410.7900,1440.0000,1392.0000,1397.6100,206494
2020-06-30,1263.0000,1301.7700,1261.4300,1289.7700,195039
2020-06-29,1253.3600,1263.0400,1201.0000,1263.0400,197591
2020-06-26,1251.0100,1267.0900,1227.2100,1242.5900,190718
2020-06-25,1211.7800,1252.0000,1193.1800,1251.0100,165923
2020-06-24,1234.2200,1253.2000,1182.7300,1220.9700,192478
2020-06-23,1245.0000,1253.4100,1227.0000,1234.0000,364109
2020-06-22,1206.1600,1235.0000,1206.1600,1225.0000,279529
2020-06-19,1188.3900,1215.0000,1174.9800,1204.7400,939749
2020-06-18,1130.9400,1181.3700,1127.2100,1174.9800,286251
2020-06-17,1101.2500,1121.7100,1099.0100,1109.8400,223152
2020-06-16,1097.7500,1107.6000,1067.0500,1093.2700,223790
2020-06-15,1053.9700,1095.8000,1053.4900,1093.3700,462464
2020-06-12,1010.0000,1012.8700,973.0000,1009.2300,268919
2020-06-11,987.0100,1033.3000,985.8300,988.0200,326214
2020-06-10,1015.2900,1017.2500,980.3400,994.7000,195866
2020-06-09,997.6600,1013.2500,988.0500,992.9200,265606
2020-06-08,961.0000,977.4400,948.5600,975.7500,295950
2020-06-05,972.9900,995.1500,943.7400,978.3200,191000
2020-06-04,1031.2100,1051.0000,980.2800,992.5500,188467
2020-06-03,1058.9900,1058.9900,1023.4200,1029.3300,123793
2020-06-02,1030.2300,1060.5500,1005.0000,1054.2000,142578
2020-06-01,1035.6000,1035.6000,1011.7300,1030.2300,103777
2020-05-29,1042.0000,1058.5600,1020.0000,1044.9700,259636
2020-05-28,1003.9900,1060.0000,1003.9900,1027.4900,486778
2020-05-27,1037.4500,1041.2900,947.2400,1032.2800,587294
2020-05-26,1172.3100,1172.3100,1054.5900,1057.3700,360348
2020-05-25,1155.1300,1206.0800,1155.1300,1187.9800,120284
2020-05-22,1127.2300,1158.3400,1116.2100,1154.3200,172136
2020-05-21,1100.1400,1128.0000,1090.0000,1118.2200,288258
2020-05-20,1064.2100,1081.0400,1044.6300,1077.0000,219519
2020-05-19,1040.0000,1060.8100,991.5000,1049.3300,325411
2020-05-15,1061.8700,1093.0000,1060.0000,1082.9300,192309
2020-05-14,1059.2000,1068.0000,1038.0100,1059.5000,167252
2020-05-13,1050.0000,1079.8600,1012.1600,1069.6700,500450
2020-05-12,1078.7100,1080.0000,1042.4100,1053.5900,391004
2020-05-11,985.1900,1053.9800,984.6700,1050.0200,246970
2020-05-08,984.8000,1005.0000,980.7500,989.0600,195441
2020-05-07,1014.8000,1034.0800,1001.5000,1016.3100,265390
2020-05-06,941.0000,1043.0000,941.0000,1034.4200,351398
2020-05-05,940.0000,988.1500,930.0000,967.2500,380863
2020-05-04,876.4700,928.9600,870.8700,928.9600,283631
2020-05-01,862.0400,879.1000,840.0100,863.1400,163071
2020-04-30,867.3500,897.0000,867.3500,882.7800,285130
2020-04-29,886.5400,898.6700,867.0000,888.4200,128643
2020-04-28,886.2600,894.2100,853.7500,886.4300,293836
2020-04-27,934.9100,934.9100,875.5800,883.8300,231622
2020-04-24,875.2000,918.5300,854.1400,908.6100,331316
2020-04-23,893.8900,900.0000,859.0000,871.3200,339521
2020-04-22,874.0000,900.0000,852.9800,887.9700,413717
2020-04-21,917.8100,945.3600,791.0000,831.0300,573361
2020-04-20,824.8000,905.0000,823.0000,887.5600,499076
2020-04-17,760.3400,831.5200,758.0000,831.5200,504792
2020-04-16,713.9900,748.8400,709.3000,741.4200,316642
2020-04-15,676.5700,705.0000,672.1800,700.5000,271466
2020-04-14,651.7900,697.2600,642.0800,690.3300,345581
2020-04-13,587.8900,629.0000,585.0000,620.5100,209632
2020-04-09,589.3800,614.1000,578.7400,584.7200,474618
2020-04-08,536.9900,585.5000,535.7300,581.9600,290831
2020-04-07,573.8000,573.8000,524.0000,530.4300,280080
2020-04-06,538.0000,554.9900,522.0100,553.9400,232963
2020-04-03,500.2000,512.0100,487.1000,504.5200,202372
2020-04-02,497.2600,520.3600,476.3800,493.2300,468172
2020-04-01,572.9300,575.0000,543.2300,546.2100,312218
2020-03-31,610.5000,623.7500,585.4600,589.6200,426982
2020-03-30,600.3200,614.5000,585.0000,611.5200,192712
2020-03-27,600.8900,611.0000,580.6600,590.0000,408712
2020-03-26,635.3700,663.5000,613.4800,631.9700,391335
2020-03-25,628.9900,668.0000,620.9600,634.4800,371216
2020-03-24,594.0300,628.4000,588.7600,628.4000,395828
2020-03-23,502.8000,557.0000,488.8800,542.3200,355673
2020-03-20,491.6800,530.9900,491.6800,495.4500,779882
2020-03-19,482.9700,499.9900,457.0800,482.1000,400315
2020-03-18,474.0400,515.0000,445.1300,498.5600,486155
2020-03-17,464.0700,509.2500,435.0300,500.4500,486451
2020-03-16,474.0500,504.2700,449.9000,458.5200,452494
2020-03-13,557.7300,562.5700,505.6900,546.4700,662351
2020-03-12,510.0500,553.9900,465.0400,527.7100,658715
2020-03-11,598.3700,605.0100,559.5600,580.8300,623435
2020-03-10,603.8900,619.0000,579.4500,618.7900,639460
2020-03-09,583.6900,606.4300,568.1800,571.2100,703783
2020-03-06,642.2700,660.0000,616.5400,633.2900,463147
2020-03-05,661.8600,686.9900,659.8800,669.0100,380051
2020-03-04,653.3000,688.3500,648.5500,686.7700,389767
2020-03-03,673.8200,673.8200,626.0200,637.6500,648391
2020-03-02,647.3400,651.7500,617.5000,651.7500,593273
2020-02-28,570.4500,623.2200,567.4200,623.2200,999280
2020-02-27,604.7600,625.1300,571.6900,617.6400,341696
2020-02-26,609.6000,642.6800,609.6000,627.1800,305452
2020-02-25,660.4000,667.0000,605.9900,620.3700,404284
2020-02-24,629.1100,668.0000,629.1100,652.9900,392870
2020-02-21,705.7500,708.8300,675.7500,686.5700,289847
2020-02-20,716.9900,724.0000,676.2200,711.0400,435506
2020-02-19,719.7400,728.1300,712.9000,718.6600,285687
2020-02-18,707.9000,727.3800,707.8000,709.8400,569090
2020-02-14,713.2100,718.5000,693.5600,704.1800,211766
2020-02-13,705.3900,734.2600,703.6200,706.3800,292839
2020-02-12,752.2500,786.0700,702.2100,705.9000,418530
2020-02-11,657.4000,664.0000,651.0000,655.4600,390656
2020-02-10,636.1900,654.7900,636.1900,654.5300,208555
2020-02-07,626.4000,641.0000,622.0000,636.8900,275158
2020-02-06,630.0000,632.6000,615.1000,628.9700,352587
2020-02-05,657.6200,657.6400,622.2200,632.2200,307737
2020-02-04,633.1000,647.0000,627.0000,644.7300,333782
2020-02-03,620.4100,629.0100,608.1400,623.7700,304740
2020-01-31,635.2000,639.0900,613.0800,616.3300,286483
2020-01-30,622.2800,631.6400,615.0000,628.8900,234614
2020-01-29,624.3000,633.3500,620.8600,622.8200,247482
2020-01-28,599.6500,616.9900,595.8500,615.4200,231843
2020-01-27,591.1400,605.6000,575.1500,594.8700,266039
2020-01-24,620.3800,625.5000,602.1100,611.8400,242380
2020-01-23,610.0100,622.2100,605.4200,615.8800,340573
2020-01-22,616.0000,626.2000,608.7000,610.3100,309536
2020-01-21,595.3900,617.8500,593.0100,608.7600,270384
2020-01-20,592.0000,598.0000,591.0200,596.9700,56473
2020-01-17,590.7700,599.5200,589.7400,594.5700,219190
2020-01-16,592.5300,592.5300,583.0000,588.3000,306937
2020-01-15,577.9100,590.8300,577.8200,585.6400,353888
2020-01-14,576.7300,582.0000,563.1100,576.3100,325823
2020-01-13,566.2200,582.7500,566.0100,575.1400,274775
2020-01-10,565.0000,572.0000,558.2600,560.9000,225064
2020-01-09,552.1100,564.5900,552.1100,561.5700,344438
2020-01-08,540.1900,550.6500,536.2800,545.0200,656767
2020-01-07,537.4200,549.8500,533.5100,539.0300,296463
2020-01-06,517.6100,536.2200,514.7400,535.0400,347279
2020-01-03,521.0600,530.1000,516.0100,525.0700,205717
2020-01-02,524.8200,530.3300,517.9800,530.0700,196566
2019-12-31,514.3900,524.9700,509.9000,516.3000,153166
2019-12-30,535.3600,535.3600,512.5700,517.7900,162031
2019-12-27,539.9700,544.0000,528.0000,534.7600,156355
2019-12-24,512.4600,527.1700,508.2100,525.3900,125214
2019-12-23,516.8300,524.9900,510.3700,511.6200,243940
2019-12-20,516.2000,524.9900,510.2900,513.2200,715483
2019-12-19,520.9900,526.6600,513.8500,516.0600,178895
2019-12-18,513.0000,530.1700,512.9700,520.5600,391152
2019-12-17,517.2000,521.9700,500.7700,510.8500,252381
2019-12-16,513.9800,521.2600,502.8500,517.4200,221975
2019-12-13,488.9400,516.6000,488.9000,508.4300,312817
2019-12-12,491.6500,495.0200,481.2200,489.6100,227538
2019-12-11,487.5000,493.5000,483.9700,491.7100,167750
2019-12-10,494.0000,494.0000,482.6500,487.0400,184994
2019-12-09,484.2000,503.8500,483.0000,489.9400,259911
2019-12-06,487.0000,493.6800,478.3500,483.3500,169511
2019-12-05,490.5100,496.1100,475.0000,479.2500,212109
2019-12-04,464.3900,497.2700,463.6500,490.7700,329991
2019-12-03,427.2700,467.0000,427.2300,466.4200,248558
2019-12-02,447.1800,447.3900,414.3800,440.2100,265800
2019-11-29,452.8800,457.5000,445.4500,445.4500,128216
2019-11-28,453.2100,455.4900,452.1700,454.0000,39233
2019-11-27,449.7000,455.1300,438.0000,453.1900,224365
2019-11-26,422.6700,447.4200,422.2200,443.5700,364734
2019-11-25,419.3100,424.2000,415.7700,421.8500,131691
2019-11-22,421.1400,424.4500,411.5000,418.2600,130636
2019-11-21,424.0600,427.1000,417.9900,419.8600,131694
2019-11-20,417.5600,431.7100,415.0800,421.7600,167186
2019-11-19,430.5000,430.5200,417.0000,419.6500,160297
2019-11-18,413.1800,430.3700,410.5000,426.6600,234582
2019-11-15,417.0000,418.1000,410.0000,413.1900,107230
2019-11-14,416.5200,424.0000,410.4800,413.8100,132845
2019-11-13,402.7700,417.2500,401.5700,416.2800,254639
2019-11-12,402.6200,410.7000,401.0000,404.9000,144043
2019-11-11,393.6900,403.3600,388.5900,401.4100,160237
2019-11-08,372.0100,395.1000,372.0100,393.7500,194491
2019-11-07,389.9900,392.0000,372.5700,376.5400,210325
2019-11-06,389.1900,396.2000,384.9300,388.9900,196941
2019-11-05,405.9100,405.9100,387.6500,389.1500,234879
2019-11-04,421.0300,422.3600,399.7500,405.2300,238245
2019-11-01,417.0000,424.2500,411.6400,416.1900,114189
2019-10-31,417.9700,420.5000,406.8900,413.0000,151473
2019-10-30,409.3800,421.0200,405.0000,419.9100,135957
2019-10-29,400.0000,420.4500,390.1000,409.3600,233841
2019-10-28,423.8000,429.5500,409.0000,422.7500,157947
2019-10-25,415.5000,419.3200,405.0000,414.5800,141356
2019-10-24,394.2100,423.9400,392.9100,422.3400,293908
2019-10-23,391.8000,405.0000,380.8000,388.2100,160209
2019-10-22,422.1100,427.4400,386.7700,392.0200,249466
2019-10-21,415.0500,427.5000,409.0000,418.0400,229620
2019-10-18,438.5000,440.0000,410.2600,412.1600,229140
2019-10-17,429.7200,438.7000,426.9400,435.6000,142439
2019-10-16,453.6000,453.6100,425.2800,426.9400,170732
2019-10-15,459.0000,462.9700,454.1000,456.9100,278948
2019-10-11,439.9000,445.5000,429.2400,434.9800,278612
2019-10-10,417.0100,437.1200,415.0000,431.2400,180971
2019-10-09,417.3000,421.5500,415.2500,418.6500,137761
2019-10-08,430.0000,433.1500,414.0300,414.3900,190001
2019-10-07,434.0800,441.0000,428.9700,433.9900,137554
2019-10-04,435.3900,439.1000,426.3500,435.5300,185498
2019-10-03,413.2100,435.3400,406.4200,434.1600,227199
2019-10-02,411.0000,414.0700,399.9700,412.8700,154636
2019-10-01,414.2700,422.6700,410.0000,414.1600,234582
2019-09-30,404.8700,418.9000,400.7500,412.3000,255680
2019-09-27,415.7500,419.8800,400.0100,404.9000,187898
2019-09-26,418.3600,418.5400,401.3300,415.7200,212803
2019-09-25,385.2000,418.8300,380.2100,417.5400,352529
2019-09-24,414.7600,418.6500,381.7600,390.7200,459238
2019-09-23,420.2400,431.5900,412.3800,415.5000,195883
2019-09-20,431.5200,439.5100,413.8700,423.1300,483752
2019-09-19,435.0000,440.1900,426.8000,430.6500,151802
2019-09-18,439.0000,439.0000,423.1000,432.8000,238281
2019-09-17,432.9700,444.5200,428.1900,435.6700,294792
2019-09-16,435.0000,455.0000,433.8700,447.4800,234740
2019-09-13,474.8000,474.8000,448.4200,449.2300,316761
2019-09-12,467.0600,475.2000,463.5000,471.1000,301454
2019-09-11,444.7200,462.4800,442.0100,458.2800,374101
2019-09-10,464.9900,467.7100,440.4100,442.9800,315010
2019-09-09,504.7900,505.0000,461.5000,472.0500,453088
2019-09-06,517.3500,521.7500,501.2500,501.7000,240742
2019-09-05,515.5900,519.6800,502.7000,519.5100,299175
2019-09-04,519.8000,521.8100,506.3000,511.3300,275829
2019-09-03,511.1100,524.6400,507.6800,512.5800,305400
2019-08-30,524.2100,524.4700,494.5800,512.8200,493819
2019-08-29,533.3700,536.7400,521.2800,522.0600,309380
2019-08-28,540.6200,542.7500,519.8600,525.6300,365745
2019-08-27,533.5700,543.7600,529.5000,541.4900,486875
2019-08-26,515.7400,528.1500,511.2500,524.3400,296581
2019-08-23,518.7600,533.0000,506.9400,508.4100,450844
2019-08-22,520.0000,522.0000,505.9600,517.0500,308064
2019-08-21,506.8000,519.6900,501.0000,519.0700,305621
2019-08-20,481.0000,501.5000,479.7700,499.1500,290376
2019-08-19,482.8000,486.0900,477.0000,481.6200,186731
2019-08-16,475.6900,479.4500,467.5100,476.5400,246678
2019-08-15,473.1600,479.1000,463.8600,467.5200,311724
2019-08-14,476.9300,488.1600,463.0000,470.0700,405289
2019-08-13,483.9800,491.8800,469.5900,488.4900,328455
2019-08-12,483.5400,492.5000,477.9000,485.6800,323047
2019-08-09,468.6500,490.9500,468.5100,488.3600,444015
2019-08-08,456.2900,474.2500,455.3000,473.1000,337202
2019-08-07,436.4600,456.1600,436.4600,453.6500,348088
2019-08-06,435.0000,442.6100,430.0000,441.8800,367930
2019-08-02,450.1000,452.0100,427.3800,438.9500,411934
2019-08-01,441.8000,463.0000,435.0000,451.5800,613048
2019-07-31,415.8600,421.6400,410.1100,419.4100,303833
2019-07-30,414.8000,424.6200,409.4100,413.8300,223707
2019-07-29,445.1500,445.1500,413.0000,420.4700,427466
2019-07-26,441.3900,446.7700,438.6000,442.9900,195930
2019-07-25,434.5000,445.4800,430.6900,438.7900,234332
2019-07-24,433.7600,435.9000,425.5600,433.3400,194846
2019-07-23,443.8700,446.0000,432.0000,434.0000,231926
2019-07-22,434.1800,446.5000,433.9700,439.4600,185843
2019-07-19,435.1500,442.9900,430.6100,431.0500,212085
2019-07-18,424.3800,434.5000,422.4800,431.4300,244005
2019-07-17,417.9400,439.6300,416.5800,424.6500,324577
2019-07-16,422.6000,423.3300,411.7200,415.6000,193649
2019-07-15,403.7400,423.1000,399.0000,422.8000,219198
2019-07-12,410.9600,411.7700,395.1000,404.0600,236825
2019-07-11,416.8600,417.9200,411.1900,411.2100,171238
2019-07-10,425.0500,427.1000,416.5900,417.2400,220803
2019-07-09,423.2100,426.0000,419.3600,422.7400,291737
2019-07-08,409.8000,431.4900,408.8000,421.4700,324698
2019-07-05,408.3300,410.5900,398.4000,410.5900,274109
2019-07-04,411.0100,414.9900,409.3300,414.0400,52542
2019-07-03,408.6300,416.1900,405.7000,410.3500,190966
2019-07-02,399.2100,412.1800,399.2100,409.2000,222505
2019-06-28,397.7200,398.2900,383.0900,393.5800,261256
2019-06-27,379.4600,396.2600,379.4500,394.6600,282707
2019-06-26,380.0000,388.4700,370.4500,379.4500,322235
2019-06-25,402.9000,407.3100,371.4000,373.7900,456363
2019-06-24,427.8100,428.3100,410.3000,410.7000,319409
2019-06-21,432.8000,437.5700,428.5000,431.5000,719366
2019-06-20,438.1300,446.4000,430.0600,433.0200,401821
2019-06-19,409.2400,435.3700,403.9800,434.9500,455952
2019-06-18,415.7500,417.6000,406.8100,407.1900,220148
2019-06-17,408.9400,412.3300,406.1000,410.5300,205952
2019-06-14,408.3900,410.2300,404.0000,409.1500,228937
2019-06-13,417.2300,418.0400,407.5000,409.6900,249838
2019-06-12,405.2000,417.0000,402.0500,413.9000,250739
2019-06-11,411.9200,413.1100,397.0900,407.4900,295044
2019-06-10,408.7000,418.1500,404.1100,407.3500,322997
2019-06-07,398.0400,410.5500,397.2100,405.6900,386242
2019-06-06,392.1500,399.5000,387.0800,397.4600,335299
2019-06-05,372.8300,393.0000,371.2600,392.2400,465188
2019-06-04,361.6400,367.9500,354.7300,367.9500,453762
2019-06-03,371.8500,374.4300,352.6300,355.8400,435094
2019-05-31,369.8800,376.9900,368.2500,371.8400,201458
2019-05-30,370.8900,375.0000,365.1700,374.0600,181578
2019-05-29,377.7500,378.8000,365.8400,367.8500,290906
2019-05-28,376.1600,385.3500,375.0000,381.4200,716708
2019-05-27,373.0000,376.2300,372.8000,376.2300,99574
2019-05-24,369.5600,374.8800,366.5000,370.7300,220909
2019-05-23,370.0000,374.6250,361.8500,365.8700,263456
2019-05-22,364.2300,376.2300,363.2300,373.5400,285457
2019-05-21,366.0300,366.8600,361.4800,365.9400,272996
2019-05-17,372.4000,377.0000,366.3200,368.0500,301759
2019-05-16,356.8100,376.0000,356.0100,374.4900,483662
2019-05-15,338.1100,356.3500,337.9500,355.0100,248719
2019-05-14,330.4000,342.0800,326.6900,340.8700,370422
2019-05-13,333.7900,340.0200,329.8400,337.7800,387077
2019-05-10,349.2800,351.9100,339.5100,347.2700,419415
2019-05-09,350.0000,352.1600,343.1000,350.2000,254273
2019-05-08,348.0000,356.0000,347.0000,352.6700,260633
2019-05-07,354.0000,358.6000,343.5700,348.0700,341731
2019-05-06,346.5800,358.4400,344.1000,357.1400,375507
2019-05-03,348.9500,357.5400,342.4800,354.8600,308621
2019-05-02,331.9000,350.9800,330.4300,343.8500,675755
2019-05-01,325.9500,338.4000,318.8800,331.0000,464898
2019-04-30,304.0000,332.7600,304.0000,325.7500,554233
2019-04-29,302.3200,307.6500,301.2500,303.0400,224937
2019-04-26,296.2100,303.1300,295.5000,299.1000,273017
2019-04-25,297.7700,299.7500,292.4800,295.3700,177320
2019-04-24,301.6000,301.8100,294.7200,296.3300,240165
2019-04-23,302.1000,305.1100,298.2800,299.7900,280854
2019-04-22,293.2500,301.4900,293.2500,299.4900,203640
2019-04-18,289.8400,295.4500,285.6000,295.4500,244013
2019-04-17,288.5400,291.2100,281.8800,289.5300,193563
2019-04-16,294.1900,296.2100,285.4400,287.4800,272577
2019-04-15,286.5600,294.1900,284.2400,291.6700,248573
2019-04-12,284.7000,286.5000,282.8900,286.4700,394567
2019-04-11,277.8200,282.9300,276.0400,282.1700,263703
2019-04-10,272.1000,276.1000,270.6300,275.1500,239552
2019-04-09,264.5200,272.0500,262.2700,271.8200,380413
2019-04-08,262.2400,267.3900,260.8300,266.4200,264575
2019-04-05,261.4600,265.0000,260.8300,263.5600,239159
2019-04-04,273.7100,273.7100,254.2300,260.2500,580039
2019-04-03,270.3300,274.1000,265.2000,273.7000,342645
2019-04-02,275.2500,275.2500,264.5000,268.8400,404848
2019-04-01,278.9100,280.2600,271.5000,274.3800,249847
2019-03-29,275.2000,277.2900,271.9300,275.8600,216615
2019-03-28,268.8700,273.8400,264.6400,273.5400,289358
2019-03-27,276.3500,276.3800,264.0000,268.3700,348136
2019-03-26,273.4900,277.4800,271.5100,273.5300,397185
2019-03-25,265.8200,271.9000,264.0000,269.9000,329553
2019-03-22,274.0100,274.3400,266.4400,267.0200,462093
2019-03-21,265.9500,274.5000,265.2600,274.0000,316480
2019-03-20,267.4500,270.7200,265.0000,267.4800,362294
2019-03-19,276.3600,276.3600,262.5300,268.7700,539662
2019-03-18,272.7000,274.9200,268.8700,274.9200,422203
2019-03-15,278.6500,279.5700,271.7400,273.4200,5829405
2019-03-14,272.9900,279.3800,271.2100,277.2900,468177
2019-03-13,272.5000,275.5000,269.9400,273.3800,452299
2019-03-12,268.4600,272.6100,264.2400,270.5200,447751
2019-03-11,256.9000,269.3500,256.6800,268.4600,590493
2019-03-08,245.1300,254.7400,243.0000,254.3600,327946
2019-03-07,251.0500,255.3000,248.4100,251.9300,203623
2019-03-06,251.8000,252.9000,247.5400,251.9500,244359
2019-03-05,248.2100,252.6800,245.9800,250.9200,210787
2019-03-04,255.5500,259.3900,243.1700,248.2100,326014
2019-03-01,252.0000,256.3500,250.3300,254.7100,237569
2019-02-28,248.9500,252.0000,247.1200,249.2800,295398
2019-02-27,243.9600,248.9700,242.7400,248.8700,188078
2019-02-26,246.8600,248.2000,242.5200,244.1400,227205
2019-02-25,244.9900,248.7400,242.6800,247.7300,233607
2019-02-22,237.6300,241.4700,236.8900,241.4700,182962
2019-02-21,236.9700,238.2500,233.7400,236.1600,214292
2019-02-20,241.0400,242.6000,233.5600,236.3500,233163
2019-02-19,237.0300,245.5000,235.5000,239.7500,326150
2019-02-15,235.0300,236.6800,230.3600,236.0500,223146
2019-02-14,227.0000,235.5100,226.0500,234.3900,256703
2019-02-13,235.5400,238.1800,226.4000,227.5300,268912
2019-02-12,216.7000,232.9300,212.8200,232.3700,445503
2019-02-11,235.0000,239.5000,229.8300,229.8300,331573
2019-02-08,226.8000,234.6900,225.2500,233.3000,247981
2019-02-07,226.8900,231.0000,226.8900,228.7200,207143
2019-02-06,226.6000,229.8200,225.0400,229.1200,182619
2019-02-05,228.6400,232.2500,227.5600,227.9500,167961
2019-02-04,223.5500,229.3700,223.5500,227.6100,162584
2019-02-01,221.2500,223.7600,219.3300,223.2500,159086
2019-01-31,213.5000,222.8300,212.9500,221.1800,348123
2019-01-30,211.1100,214.0400,208.8000,213.6200,158752
2019-01-29,212.8700,212.8700,205.0700,208.6100,224604
2019-01-28,211.6400,213.8200,210.2000,211.3100,179931
2019-01-25,212.9100,216.3650,212.2000,215.4600,239174
2019-01-24,209.0100,212.7300,208.8700,211.5000,156830
2019-01-23,210.8800,213.8000,206.5000,209.1900,181361
2019-01-22,209.3300,211.2700,205.6700,208.8700,201559
2019-01-21,210.2500,211.7800,208.0400,210.1900,75030
2019-01-18,212.5000,212.5000,209.0500,210.5500,227862
2019-01-17,208.9700,212.6000,207.6800,209.6800,218971
2019-01-16,206.0300,210.2400,203.5600,209.1100,275748
2019-01-15,198.9000,205.8800,198.4700,204.7200,264690
2019-01-14,195.2000,199.0000,191.7500,197.7000,229633
2019-01-11,194.8100,199.1100,194.6200,198.1300,153081
2019-01-10,194.8600,198.3000,191.5100,195.9600,167895
2019-01-09,194.6500,198.6700,191.0000,196.3600,259798
2019-01-08,195.0000,199.0900,191.6800,193.2100,276355
2019-01-07,186.8600,193.9000,185.2000,191.9100,280448
2019-01-04,180.0000,186.7500,179.1500,184.9800,268375
2019-01-03,184.8400,184.8400,174.5900,174.9100,315696
2019-01-02,182.0200,188.9900,179.1400,187.1100,301619
2018-12-31,185.0000,191.6500,184.1000,188.7900,301294
2018-12-28,183.7700,185.4500,176.5800,182.0200,351144
2018-12-27,171.0300,180.5000,171.0000,180.2600,440135
2018-12-24,162.6000,166.8500,160.0200,161.5600,381252
2018-12-21,173.2200,173.9600,165.5900,166.3900,588559
2018-12-20,177.0000,181.9900,164.2700,172.0900,845565
2018-12-19,182.0200,188.8000,177.8600,179.4400,451595
2018-12-18,180.0000,183.1300,176.5800,181.0100,468950
2018-12-17,187.2400,187.2400,172.5200,173.8000,643867
2018-12-14,198.6800,199.5900,187.2400,187.6600,938899
2018-12-13,215.9400,219.3000,213.1600,215.1200,322361
2018-12-12,211.0100,218.2500,210.5600,213.7800,445825
2018-12-11,207.3400,212.7600,205.2100,207.3000,364193
2018-12-10,195.2800,203.2300,192.9600,203.2300,354638
2018-12-07,208.7000,212.2500,193.1800,195.1300,425300
2018-12-06,191.7100,210.0000,190.8000,209.6500,437888
2018-12-05,200.9900,203.0000,196.5000,199.7000,94341
2018-12-04,205.8700,210.0500,197.9100,199.1200,321887
2018-12-03,207.4900,209.6000,203.3600,207.3500,388433
2018-11-30,199.0200,203.1500,197.0700,202.2400,365850
2018-11-29,198.7000,201.0600,194.3000,197.8600,291531
2018-11-28,194.6700,199.1000,193.6800,199.0000,321398
2018-11-27,188.8800,194.7200,187.6100,192.0300,282111
2018-11-26,182.2500,191.5800,181.3000,191.4500,330223
2018-11-23,174.5000,180.1100,172.1700,178.2500,143645
2018-11-22,175.9900,178.1000,175.4100,176.3800,60647
2018-11-21,185.0000,185.9900,175.3400,175.6900,433921
2018-11-20,164.8000,180.4200,162.0000,179.3400,591654
2018-11-19,198.4500,199.2500,176.0200,176.3300,514116
2018-11-16,191.9900,199.0000,190.2050,198.8000,329782
2018-11-15,188.1600,199.0500,187.8500,197.8700,440777
2018-11-14,185.9900,191.1800,185.0000,189.0000,296728
2018-11-13,181.2000,185.5700,177.7000,183.9300,394588
2018-11-12,184.7700,184.7700,173.1500,179.5700,399942
2018-11-09,194.0000,194.0000,183.1900,186.2300,350693
2018-11-08,193.5100,197.6000,192.6200,197.0200,282627
2018-11-07,188.3800,195.9100,186.6300,193.8700,459903
2018-11-06,185.3800,188.7300,182.6300,185.1500,245612
2018-11-05,188.0000,189.1000,183.1200,185.0100,321337
2018-11-02,189.8800,195.0000,186.6800,190.9500,431957
2018-11-01,181.7800,190.0000,177.5800,189.0100,401175
2018-10-31,173.5100,182.4200,171.7800,181.8700,500393
2018-10-30,165.4100,173.6100,161.4500,169.6300,311839
2018-10-29,180.1300,180.1300,164.4700,168.6200,339907
2018-10-26,170.5000,180.9900,168.9100,174.5000,514653
2018-10-25,173.2900,180.9900,167.0000,178.8200,636226
2018-10-24,173.9100,176.3100,159.2500,159.4700,387810
2018-10-23,168.2500,174.1800,166.5800,173.0100,367075
2018-10-22,169.7600,177.5000,165.0000,176.1200,386030
2018-10-19,177.4900,179.9000,165.5000,166.0700,505210
2018-10-18,178.9700,182.5850,174.8000,176.0700,375126
2018-10-17,189.2200,190.0000,174.1400,178.8900,520423
2018-10-16,179.2900,189.0100,179.2900,188.9100,403433
2018-10-15,177.0100,177.7000,171.6800,176.1600,262380
2018-10-12,174.9000,178.0000,169.9400,176.2000,363778
2018-10-11,166.0100,174.5200,166.0000,166.7200,561258
2018-10-10,181.1500,181.7000,166.6300,169.9900,662486
2018-10-09,182.7400,186.1000,180.5800,181.5800,351913
2018-10-05,192.3800,195.6400,182.7300,189.0400,472585
2018-10-04,205.9100,206.3200,191.1400,192.3500,390809
2018-10-03,201.9900,208.0500,201.9800,205.9800,199692
2018-10-02,208.9900,210.3500,200.0000,200.2900,230130
2018-10-01,213.9700,213.9700,208.2200,209.0400,172732
2018-09-28,213.9100,217.6900,210.8700,212.3000,231695
2018-09-27,211.6900,214.7000,211.6900,214.0600,157060
2018-09-26,209.6600,213.5000,207.4900,210.7000,254510
2018-09-25,210.3800,213.5600,205.9500,208.4500,323543
2018-09-24,207.8800,213.4000,203.2600,209.6400,224168
2018-09-21,215.6300,217.0900,207.5300,208.8400,266835
2018-09-20,214.0700,217.7700,212.4500,215.6800,221188
2018-09-19,211.6000,215.4700,209.5000,213.3300,289551
2018-09-18,201.0600,213.0000,200.2700,210.3300,323742
2018-09-17,205.0300,207.3400,200.0100,200.1900,173764
2018-09-14,204.0000,207.0000,200.4100,201.7500,207114
2018-09-13,200.0000,206.0000,200.0000,202.2200,207851
2018-09-12,193.3600,199.5100,190.5200,198.8300,256921
2018-09-11,186.0500,194.2600,184.9000,193.5000,202284
2018-09-10,186.3100,187.6000,183.1300,187.0900,234808
2018-09-07,173.8500,185.8000,172.1000,185.3500,270336
2018-09-06,183.6800,185.4300,174.8000,176.0800,321631
2018-09-05,188.8800,190.2000,180.0100,184.3900,365251
2018-09-04,191.7100,193.5000,189.4000,192.5700,158473
2018-08-31,187.8100,190.8000,187.3500,189.8600,245679
2018-08-30,187.0200,190.0200,186.5000,188.0200,158157
2018-08-29,188.2300,189.4000,186.2800,187.2700,161407
2018-08-28,187.4700,188.3700,184.4900,187.4300,131932
2018-08-27,184.3600,187.5000,181.5000,186.4000,186287
2018-08-24,181.2100,184.3900,180.3000,182.9800,137079
2018-08-23,179.4000,183.9100,179.2100,179.8000,223701
2018-08-22,173.0000,180.0100,172.9500,178.5700,252932
2018-08-21,176.8000,179.7100,173.8000,173.9300,241435
2018-08-20,180.0000,180.2200,173.9800,177.1900,237546
2018-08-17,182.5200,183.4200,177.7600,179.0900,237444
2018-08-16,184.3400,186.9000,182.7700,183.2700,196262
2018-08-15,186.0700,189.5700,180.2300,182.3500,240984
2018-08-14,188.8300,191.2000,185.2500,188.6400,154736
2018-08-13,196.3500,198.2700,187.0700,187.5800,249487
2018-08-10,190.1500,198.5000,189.0000,195.8100,218532
2018-08-09,185.0500,192.1400,185.0500,191.0000,248858
2018-08-08,186.7800,187.5500,184.0000,185.7500,200587
2018-08-07,185.5000,190.1300,184.0100,184.9300,268710
2018-08-03,189.5000,189.5000,182.7500,184.1000,208348
2018-08-02,175.0000,187.5700,172.9000,187.4500,388968
2018-08-01,181.5000,182.5000,175.2500,177.0200,366516
2018-07-31,182.0000,187.0000,174.1300,181.2200,612502
2018-07-30,209.0000,209.3700,191.7200,191.8600,351373
2018-07-27,224.7000,224.9300,208.2000,209.4700,244058
2018-07-26,221.5600,224.5900,220.1400,222.8500,197893
2018-07-25,219.1600,227.5000,216.8900,226.5500,152805
2018-07-24,229.8500,232.4300,219.3500,221.1400,219247
2018-07-23,225.6400,229.3300,222.9000,228.0400,176771
2018-07-20,226.9800,229.8900,224.8000,225.0300,163872
2018-07-19,224.0100,228.2500,222.8100,227.4600,188033
2018-07-18,223.3900,225.8800,221.0700,224.1400,178833
2018-07-17,214.9900,224.8900,212.0700,222.8200,205645
2018-07-16,218.9400,222.3400,216.5700,217.4300,121663
2018-07-13,221.0000,221.8800,215.9900,218.8900,180111
2018-07-12,214.0900,221.4500,213.4900,220.4600,196618
2018-07-11,207.0400,213.7300,205.3200,212.4800,171643
2018-07-10,208.6900,210.2500,207.1600,208.7500,143709
2018-07-09,207.4800,209.3100,201.6700,207.9300,196504
2018-07-06,200.2600,206.0900,199.6600,205.6100,168482
2018-07-05,201.6400,201.8200,196.8900,200.3700,170584
2018-07-04,198.2100,206.0000,198.0200,202.3200,145393
2018-07-03,196.2100,200.0000,193.5000,197.8500,211567
2018-06-29,196.9700,197.7500,191.1000,191.7100,235444
2018-06-28,190.0000,196.1700,186.3100,194.5300,307392
2018-06-27,207.8400,207.8400,192.0200,193.6100,471631
2018-06-26,205.0700,211.1600,205.0700,205.8800,362699
2018-06-25,213.4900,213.4900,201.0000,203.6000,390698
2018-06-22,221.9500,221.9500,213.3600,216.1700,288061
2018-06-21,230.4100,231.5000,218.4900,218.6000,367420
2018-06-20,228.5200,232.6500,228.5200,229.3400,191506
2018-06-19,225.8500,228.9700,222.2200,226.4200,249302
2018-06-18,220.1100,228.2500,219.9600,228.1400,185008
2018-06-15,219.5000,223.2900,216.8200,221.9900,228142
2018-06-14,215.3400,220.6000,215.3400,220.2100,202545
2018-06-13,215.0000,221.8400,213.0800,214.5800,256072
2018-06-12,208.2900,215.9000,208.2700,215.0400,242720
2018-06-11,211.5100,214.2500,207.8100,208.1500,152494
2018-06-08,207.8600,212.6500,206.0000,210.6800,182699
2018-06-07,214.4300,214.8000,206.1400,209.2000,281421
2018-06-06,209.4200,214.5000,206.7200,214.4400,247415
2018-06-05,203.6700,211.3700,203.6700,209.0600,233761
2018-06-04,196.0500,204.0700,196.0500,202.6200,269479
2018-06-01,193.7900,196.7000,191.5500,195.4100,238277
2018-05-31,187.5100,194.3300,187.5100,192.3300,355256
2018-05-30,187.3700,189.5200,186.8300,188.0100,178525
2018-05-29,186.2600,189.1100,184.7300,186.5100,169923
2018-05-28,185.6100,188.4400,185.0500,187.9000,66424
2018-05-25,185.0200,187.6500,184.8500,186.0000,159137
2018-05-24,180.5500,185.2200,180.5500,184.1900,196394
2018-05-23,177.0000,181.8000,177.0000,180.5500,222829
2018-05-22,179.2800,182.3900,175.5400,177.6600,528239
2018-05-18,186.5000,190.2500,186.5000,189.2500,170257
2018-05-17,182.0000,187.7400,181.4600,186.8200,223434
2018-05-16,182.1200,185.0500,181.7900,181.8700,163088
2018-05-15,182.0000,183.6400,178.2000,183.5000,162000
2018-05-14,185.1000,189.4900,182.0850,182.3000,242517
2018-05-11,186.4000,187.3200,182.5000,184.5300,205886
2018-05-10,187.5700,188.1900,185.7800,186.4000,194457
2018-05-09,186.9700,188.3200,184.5400,187.6000,290517
2018-05-08,180.0000,189.0300,179.4700,185.5100,369737
2018-05-07,176.8100,178.8600,175.5600,178.5500,271453
2018-05-04,173.5000,177.4750,171.0000,174.9500,222704
2018-05-03,158.7900,174.0400,158.7900,173.4900,406049
2018-05-02,162.0200,167.1500,157.4800,160.9900,445447
2018-05-01,160.9900,164.5400,153.2500,163.5000,697828
2018-04-30,162.5300,172.4700,162.5300,172.0100,379519
2018-04-27,163.0000,163.5000,159.8800,160.8300,196520
2018-04-26,156.1200,161.5000,156.1200,160.1100,222145
2018-04-25,158.2100,158.5800,152.7200,154.0400,235624
2018-04-24,159.3300,162.5500,156.0000,157.9300,281306
2018-04-23,162.7400,162.9100,155.5000,157.9500,265786
2018-04-20,161.0200,162.3900,159.6400,161.8600,213018
2018-04-19,159.4700,163.3300,158.3400,160.2700,165756
2018-04-18,159.7600,162.0500,155.2900,161.1200,267469
2018-04-17,147.8400,159.7500,147.8400,158.0400,373942
2018-04-16,148.2700,148.2700,143.0100,146.7800,193439
2018-04-13,153.0400,153.5600,146.8500,148.0000,242661
2018-04-12,151.9100,152.9900,150.2500,151.9800,162772
2018-04-11,154.3200,156.0400,150.0500,150.0500,219412
2018-04-10,154.9900,155.6300,150.1100,154.6500,319127
2018-04-09,151.0600,157.0900,151.0000,151.1800,322436
2018-04-06,151.9400,153.6500,148.2900,149.8100,169076
2018-04-05,157.8000,160.7500,152.7300,153.4600,341869
2018-04-04,145.9900,154.8800,145.1500,154.0500,301912
2018-04-03,158.6600,161.0100,150.9500,152.7200,286491
2018-04-02,161.4200,164.3100,155.6200,157.6600,295249
2018-03-29,156.0000,162.6400,153.0400,160.3200,533406
2018-03-28,162.9100,164.7400,156.0000,157.0000,524492
2018-03-27,174.9300,179.0300,164.1000,165.6500,449905
2018-03-26,187.0100,190.7500,168.6200,176.0100,539404
2018-03-23,187.9800,190.1900,181.9400,182.6500,357197
2018-03-22,190.0000,197.1000,187.9100,188.0000,390839
2018-03-21,199.5200,199.6800,192.1000,193.0000,457800
2018-03-20,190.2500,202.4500,189.7500,200.2800,628147
2018-03-19,191.4300,193.8900,187.2500,190.3600,343425
2018-03-16,192.8600,193.6100,190.4700,192.5300,333532
2018-03-15,191.3300,194.3400,190.6600,192.8600,296664
2018-03-14,188.9300,191.9900,186.1100,189.2900,243362
2018-03-13,190.5500,191.8500,187.3450,188.6000,297400
2018-03-12,192.5000,192.9000,189.1500,190.1000,245497
2018-03-09,192.7800,192.8550,189.6000,191.4300,346833
2018-03-08,186.8700,191.2800,186.7400,189.8600,437340
2018-03-07,180.2600,186.6300,179.7000,185.0000,422143
2018-03-06,181.3100,184.9200,180.5000,182.5200,312126
2018-03-05,175.8000,181.6200,174.0700,180.8000,379183
2018-03-02,173.5700,177.2300,173.1600,176.4200,490665
2018-03-01,176.6900,178.2200,171.3600,175.6200,498273
2018-02-28,177.5100,179.7000,177.1400,177.5000,641118
2018-02-27,173.1500,177.7700,172.6100,176.1100,410373
2018-02-26,174.9900,175.5700,171.4400,172.5500,351422
2018-02-23,172.4800,173.4500,168.9800,173.2800,338176
2018-02-22,170.2300,173.7000,169.3400,170.5200,524317
2018-02-21,173.5900,173.9800,168.5900,168.6400,865995
2018-02-20,172.4900,184.3500,172.4500,180.6800,601412
2018-02-16,170.6600,174.0000,168.5000,172.6000,575343
2018-02-15,168.5100,175.9900,163.1200,171.9100,895010
2018-02-14,158.0000,173.1600,157.9800,171.4900,814559
2018-02-13,161.2500,164.4100,157.7500,158.7200,515077
2018-02-12,155.2700,162.3900,154.0000,161.0500,687244
2018-02-09,151.2600,156.1300,144.0900,150.3800,901211
2018-02-08,155.4000,159.7800,149.4300,149.5000,570938
2018-02-07,154.2200,160.3000,152.2500,154.9400,462098
2018-02-06,143.7900,153.5700,140.7000,152.6600,868616
2018-02-05,150.3300,158.7500,148.5200,149.1200,654341
2018-02-02,154.6500,159.2800,152.7500,155.4500,575061
2018-02-01,155.9800,160.9700,154.2800,154.9000,311114
2018-01-31,154.7400,158.0800,154.2100,157.0400,342316
2018-01-30,150.5000,155.0300,147.0100,153.0100,488181
2018-01-29,159.9900,160.3100,154.6200,156.8700,283152
2018-01-26,156.0000,160.6900,153.1700,159.0700,346936
2018-01-25,148.4600,155.6000,148.1700,154.3000,409265
2018-01-24,147.9000,150.4800,146.1500,147.5200,248148
2018-01-23,149.6400,149.6700,144.7900,147.3100,227804
2018-01-22,143.5100,149.1000,143.5100,148.8700,220628
2018-01-19,143.0300,144.4700,142.5000,144.4700,220427
2018-01-18,142.0100,145.3800,142.0100,142.5500,292242
2018-01-17,139.1000,143.6200,138.1500,142.7200,341499
2018-01-16,142.8800,142.8800,138.3900,139.1300,416336
2018-01-15,140.0100,143.1000,140.0100,142.8000,150457
2018-01-12,139.2500,143.1000,138.9700,140.7600,255962
2018-01-11,139.2600,139.9700,138.5000,139.1400,141324
2018-01-10,136.9900,139.5300,136.2700,139.2900,209665
2018-01-09,139.9000,141.5600,136.7600,137.9400,197888
2018-01-08,137.1300,139.9300,136.7800,139.5100,182512
2018-01-05,137.4700,138.6400,135.0000,137.2600,308634
2018-01-04,135.9600,137.7400,134.3000,137.4600,409837
2018-01-03,133.2700,135.5700,133.1200,135.1500,400215
2018-01-02,127.3200,132.2300,126.6500,132.0600,250963
2017-12-29,128.5900,128.7200,126.0600,127.1100,228201
2017-12-28,132.6000,132.6000,127.7500,128.6200,213366
2017-12-27,132.3500,132.9400,130.6300,132.2000,156041
2017-12-22,133.3000,133.3000,130.6300,131.9900,142344
2017-12-21,135.3900,135.7100,133.1600,133.4700,168627
2017-12-20,136.7000,137.1800,133.2000,134.9900,203938
2017-12-19,138.2500,138.5800,136.0000,136.0000,227171
2017-12-18,137.0000,138.9600,136.9300,138.3300,280723
2017-12-15,132.2900,136.8500,131.6900,135.2000,534414
2017-12-14,132.7700,134.3800,131.0000,131.5900,178269
2017-12-13,131.3300,133.8000,130.9100,132.3900,239129
2017-12-12,133.3100,133.7000,129.4900,130.4800,321542
2017-12-11,130.0400,135.0200,130.0400,133.8000,393454
2017-12-08,131.0900,132.2400,128.6300,129.5000,382402
2017-12-07,123.6200,128.4400,123.4700,128.2800,405251
2017-12-06,120.0000,122.6500,119.7500,122.3700,552039
2017-12-05,121.2600,124.9300,117.1100,120.9500,494446
2017-12-04,133.7400,133.7400,122.4400,122.6400,659320
2017-12-01,133.1700,133.5000,127.2500,130.8400,448066
2017-11-30,136.0100,136.0400,133.1100,135.1600,563018
2017-11-29,143.0200,143.4400,129.6100,133.4000,814867
2017-11-28,146.1100,146.1100,141.6000,143.4900,349821
2017-11-27,145.3700,148.9700,144.0500,144.6900,444455
2017-11-24,141.5100,143.0100,140.9400,142.2000,184658
2017-11-23,140.3100,141.8800,140.3100,141.1400,73999
2017-11-22,140.8500,142.1500,137.1100,140.3000,265452
2017-11-21,140.6500,143.3600,140.0600,140.8500,468547
2017-11-20,134.4100,139.4800,134.0000,139.0000,389820
2017-11-17,132.6200,135.2500,132.4300,133.8200,331094
2017-11-16,126.0500,133.5500,125.9200,132.5100,604782
2017-11-15,124.2700,127.0600,124.2700,125.0100,246521
2017-11-14,123.7500,127.3100,123.7500,125.9700,277435
2017-11-13,125.4600,126.1600,124.4700,125.6800,228895
2017-11-10,122.5800,127.8400,122.4500,126.9700,475403
2017-11-09,124.8800,125.1500,121.2700,123.0900,456469
2017-11-08,126.5900,127.3000,125.6000,126.5200,261662
2017-11-07,127.5000,128.5300,125.8000,127.4800,241734
2017-11-06,127.6000,128.7500,126.1000,126.9800,231737
2017-11-03,128.6100,129.7300,125.7900,126.0600,344920
2017-11-02,122.5000,129.0700,122.2500,128.0500,584342
2017-11-01,128.7800,129.6600,122.3500,123.6800,831649
2017-10-31,131.3300,135.0000,121.8900,128.2600,1332803
2017-10-30,139.6500,140.2800,135.0200,140.2200,602929
2017-10-27,137.5900,137.5900,137.5900,137.5900,654174
2017-10-26,132.4400,135.3100,131.6900,133.8800,445996
2017-10-25,136.1400,137.5100,129.0200,131.9900,846636
2017-10-24,130.1600,136.3600,130.1600,135.1300,591972
2017-10-23,130.5000,131.6900,128.2000,130.1500,490391
2017-10-20,124.7000,129.3100,124.0700,129.0300,451938
2017-10-19,122.5300,122.9500,120.2000,122.7100,432581
2017-10-18,120.6600,124.3400,120.0600,123.3000,348855
2017-10-16,118.2500,121.7600,117.0100,121.3700,421584
2017-10-13,117.2700,118.7800,116.9800,117.7600,313693
2017-10-12,120.1000,121.5000,117.3100,117.4800,559770
2017-10-11,118.4000,118.4000,118.4000,118.4000,1354476
2017-10-10,121.3300,123.6700,111.6800,115.7600,1989003
2017-10-06,123.0500,125.9600,119.9800,122.9200,1183379
2017-10-05,121.6400,129.6600,117.0000,126.1900,1947570
2017-10-04,145.8200,145.8800,125.8000,128.9500,2498614
2017-10-03,149.9500,150.9000,145.3100,145.7000,403142
2017-10-02,146.1200,149.6600,146.1000,148.8300,262496
2017-09-29,145.6900,146.9500,144.0000,145.1200,347690
2017-09-28,146.4200,146.9300,143.4000,144.8700,297038
2017-09-27,141.8600,147.8600,141.2300,146.4800,506700
2017-09-26,143.1400,145.5000,138.5700,140.0600,413569
2017-09-25,147.6000,147.7500,140.2200,141.6400,499997
2017-09-22,147.9900,149.4900,145.9600,148.4500,261063
2017-09-21,146.9400,148.9000,143.5700,148.1800,347536
2017-09-20,150.9500,151.3600,145.5000,146.9700,434247
2017-09-19,151.8500,151.8800,150.0100,150.7500,295447
2017-09-18,147.2300,151.7500,147.2300,150.6000,335865
2017-09-15,146.2400,147.7100,145.4300,146.2100,345376
2017-09-14,145.0100,147.5000,142.4000,146.4300,300996
2017-09-13,146.9100,149.4000,143.8300,145.2500,475956
2017-09-12,144.6400,147.2200,142.1400,146.6900,468258
2017-09-11,140.0000,143.6900,139.5700,143.0100,394694
2017-09-08,137.5300,139.3500,136.4100,138.0300,284640
2017-09-07,134.0100,137.7100,133.9500,137.5000,300668
2017-09-06,137.9800,138.9000,133.0000,134.5700,428656
2017-09-05,136.7700,138.4800,133.7400,137.1000,387024
2017-09-01,138.7500,138.7500,136.1300,137.3000,287295
2017-08-31,137.4100,139.4100,135.8500,138.0000,650623
2017-08-30,131.8100,137.2700,131.7200,136.8200,499455
2017-08-29,127.3000,131.5000,126.7800,130.6900,339413
2017-08-28,129.2800,130.8800,126.6600,129.7500,281260
2017-08-25,134.0000,134.0000,128.1800,129.4500,412865
2017-08-24,128.9500,133.9500,128.7200,133.5000,683840
2017-08-23,123.1200,128.9800,122.6800,128.5900,492453
2017-08-22,121.6900,124.2500,121.1000,123.8800,315190
2017-08-21,119.1200,121.2600,119.1200,121.1500,390566
2017-08-18,118.0500,119.6000,117.1700,119.1200,268128
2017-08-17,119.4800,121.0700,118.4900,118.5500,595700
2017-08-16,119.2900,120.4300,118.2800,119.4300,277177
2017-08-15,120.4600,120.5300,118.2200,118.6900,262434
2017-08-14,118.9100,121.1600,118.6600,119.5900,351904
2017-08-11,112.0100,117.9000,112.0100,116.3900,425214
2017-08-10,119.6100,119.7500,112.2500,112.5700,713379
2017-08-09,120.8000,122.6000,119.8500,120.9700,374500
2017-08-08,124.3800,125.3000,121.5500,122.2300,357938
2017-08-04,121.8100,121.8100,121.8100,121.8100,273760
2017-08-03,125.7700,125.7700,121.4600,122.2800,409564
2017-08-02,131.0000,131.4900,122.2300,123.7200,811032
2017-08-01,128.3600,132.0000,123.2500,130.6100,1153460
2017-07-31,116.9900,117.9500,114.1800,114.8900,479986
2017-07-28,111.7300,116.1700,110.0500,115.6600,329877
2017-07-27,117.8300,119.2300,111.1100,113.8100,643332
2017-07-26,116.2400,118.8800,116.2000,117.0000,276672
2017-07-25,117.0500,117.1700,113.5800,115.1100,297072
2017-07-24,112.0000,117.0400,111.9700,116.9100,264433
2017-07-21,113.3100,114.4700,111.9900,112.1100,210618
2017-07-20,116.7900,116.9500,113.5800,114.2800,231479
2017-07-19,117.8500,118.9200,114.9600,115.9700,199347
2017-07-18,114.2800,118.6000,113.6000,117.5800,192937
2017-07-17,116.5100,117.9900,113.6500,115.0300,203193
2017-07-14,119.5500,119.5500,116.4700,116.8000,167301
2017-07-13,122.3600,123.5000,117.7800,118.5200,296747
2017-07-12,119.8400,121.1400,119.0000,120.6100,265635
2017-07-11,117.4600,119.5500,116.4700,118.1400,224746
2017-07-10,114.9900,117.8900,113.8900,117.4600,312676
2017-07-07,112.1700,114.9000,112.1300,114.7500,208595
2017-07-06,112.4900,113.6400,111.2300,111.8100,245298
2017-07-05,110.9900,116.2000,110.9900,114.7600,419797
2017-07-04,112.9700,113.2800,109.3900,110.0100,118293
2017-06-30,111.5000,114.2900,110.9900,112.6000,432014
2017-06-29,116.0100,116.0100,108.3400,112.5800,471401
2017-06-28,114.9500,116.7100,111.9900,116.6300,398498
2017-06-27,120.6400,121.4700,114.2200,114.3700,521078
2017-06-26,126.0000,128.1200,119.6000,122.2200,504097
2017-06-23,121.3200,126.2600,120.7000,125.3600,325384
2017-06-22,121.1600,122.0000,119.4000,121.1500,262346
2017-06-21,118.9900,122.2500,118.6600,121.7500,596226
2017-06-20,120.9900,121.8500,117.6100,118.0500,406471
2017-06-19,117.1200,120.0400,116.0700,119.9000,588229
2017-06-16,115.3000,116.8800,113.4400,114.9200,3898574
2017-06-15,108.8300,113.5700,108.1800,113.5700,759560
2017-06-14,114.9500,116.3300,112.0400,113.0200,511527
2017-06-13,115.6200,119.8100,111.7600,114.9500,827800
2017-06-12,121.0000,121.4600,111.0000,118.5700,1008277
2017-06-09,133.3500,135.4200,120.5500,122.8000,932634
2017-06-08,131.9300,133.5400,129.0300,133.5400,334643
2017-06-07,133.4900,133.8800,130.4500,131.2100,376589
2017-06-06,130.5400,134.2000,129.7300,132.8700,389358
2017-06-05,132.9500,134.0000,129.5900,131.7700,416747
2017-06-02,126.9400,132.0700,126.3400,131.9000,674941
2017-06-01,124.7900,126.6200,122.1600,126.1200,649713
2017-05-31,122.5900,124.7200,120.2200,124.7200,4700848
2017-05-30,123.1800,125.7500,120.8200,121.9100,500901
2017-05-29,122.9400,124.6500,122.7400,124.2000,166844
2017-05-26,121.7300,122.5300,121.0700,122.2900,284317
2017-05-25,122.7000,123.3900,120.2500,121.6700,296413
2017-05-24,122.3100,123.2800,121.2600,122.3000,228653
2017-05-23,122.7800,122.8700,121.0500,122.1200,467373
2017-05-19,123.8300,124.8300,118.4900,120.3300,687848
2017-05-18,114.3700,126.6700,110.1400,125.3200,906262
2017-05-17,126.5400,127.0000,122.0000,122.5500,560715
2017-05-16,129.2800,130.4200,126.1000,128.9000,537756
2017-05-15,128.8900,130.8500,127.5400,128.9700,322341
2017-05-12,125.7200,130.2700,124.7300,128.1400,292240
2017-05-11,128.7000,128.7000,121.9900,125.8100,428058
2017-05-10,122.7400,127.7200,122.6500,127.1500,397952
2017-05-09,119.9900,125.1300,119.2200,122.6300,330844
2017-05-08,118.6200,119.2000,117.5000,118.8100,283565
2017-05-05,112.4500,117.5700,112.4500,116.8300,301785
2017-05-04,113.4800,113.5900,111.3300,111.8200,322354
2017-05-03,112.3000,114.6100,110.6700,112.1900,388497
2017-05-02,110.8700,115.6400,106.5000,113.9400,801736
2017-05-01,103.4300,106.3400,102.2200,106.0700,378596
2017-04-28,100.2400,103.8400,99.9800,103.7200,246257
2017-04-27,99.7100,101.4100,96.7300,99.7600,281378
2017-04-26,101.9700,102.0000,98.4200,101.0500,451709
2017-04-25,103.6800,104.1500,101.3400,103.9000,225375
2017-04-24,105.0000,105.2400,101.6300,102.5600,243029
2017-04-21,105.2500,105.2500,101.3500,103.1700,285688
2017-04-20,99.1400,102.7500,98.8600,102.7100,347043
2017-04-19,96.3000,98.9200,96.2900,97.7900,282021
2017-04-18,95.6900,96.4900,94.7300,95.8100,148659
2017-04-17,95.0900,95.9500,94.1000,95.5000,140852
2017-04-13,91.9900,95.3200,91.4500,94.2500,242020
2017-04-12,92.3100,93.0400,91.7200,91.8800,132606
2017-04-11,92.0900,92.9800,90.0500,91.9100,169455
2017-04-10,92.2500,93.5000,91.8000,92.2900,127014
2017-04-07,91.6000,92.3700,91.3800,92.3400,82892
2017-04-06,91.4900,92.4200,91.0700,91.8000,125563
2017-04-05,92.2200,93.3000,90.9300,91.4000,180027
2017-04-04,93.0100,94.0000,91.4800,91.8500,201154
2017-04-03,90.9200,92.7900,90.0000,92.7900,195469
2017-03-31,90.4100,92.3200,89.2300,90.7100,352506
2017-03-30,96.7100,96.8700,91.3500,92.3200,457594
2017-03-29,97.6800,97.6800,94.8000,97.0000,222026
2017-03-28,94.6200,97.5000,94.4600,96.7400,303499
2017-03-27,91.2400,94.5300,90.1000,94.4600,240248
2017-03-24,91.0600,93.6800,90.6200,92.3000,171805
2017-03-23,89.3500,91.0600,89.0400,90.3000,202752
2017-03-22,89.5800,90.3400,86.7300,88.9100,229097
2017-03-21,92.5800,95.0000,89.0800,90.0000,464533
2017-03-20,89.9800,92.0000,89.5500,92.0000,189759
2017-03-17,87.4600,89.8200,86.9200,89.1400,167211
2017-03-16,86.7700,86.9900,85.9800,86.9900,101403
2017-03-15,86.2200,86.5600,84.8600,86.3900,210413
2017-03-14,87.2800,87.3200,85.6000,86.0500,210486
2017-03-13,87.0000,87.6900,86.0100,87.3600,172678
2017-03-10,85.3800,86.5000,84.2000,86.3500,202618
2017-03-09,82.5000,84.4700,81.9600,84.2000,158361
2017-03-08,81.3500,82.8100,80.8300,82.1700,177052
2017-03-07,79.5400,81.3300,79.4200,80.7600,123978
2017-03-06,80.6300,80.6300,78.6200,79.5500,100232
2017-03-03,80.2300,80.9900,79.2900,80.6500,127223
2017-03-02,80.0100,81.1500,79.5000,80.0800,143429
2017-03-01,79.9900,80.1200,78.8000,79.5500,174675
2017-02-28,78.4900,80.6600,78.4700,78.8700,214805
2017-02-27,81.0000,81.1200,78.4300,78.8400,234160
2017-02-24,81.0000,81.3900,79.4800,81.1700,264732
2017-02-23,84.2900,84.2900,81.0900,82.2500,224081
2017-02-22,83.1000,84.0900,81.4100,83.8100,215766
2017-02-21,82.0000,84.0500,81.4400,82.8900,254373
2017-02-17,80.0000,80.7900,78.6800,80.6600,166454
2017-02-16,80.0000,81.4000,77.7800,79.7100,292342
2017-02-15,72.9100,80.4100,71.2300,79.2200,587733
2017-02-14,73.5900,73.5900,72.2800,73.2400,167616
2017-02-13,73.3000,74.9000,72.3700,73.2200,204057
2017-02-10,72.4100,73.5000,71.8400,72.2400,176438
2017-02-09,70.6400,72.2500,70.4500,71.6900,138828
2017-02-08,70.5700,70.5700,69.4200,70.2400,118762
2017-02-07,69.4600,70.6000,69.3300,69.8900,136605
2017-02-06,68.3000,69.0000,67.2700,68.9300,74166
2017-02-03,68.5000,68.5000,66.8600,67.8900,99538
2017-02-02,66.5400,68.5000,66.5000,68.2200,152034
2017-02-01,67.2300,67.5000,66.2000,66.7000,65640
2017-01-31,65.9800,66.1300,65.3100,66.0400,66254
2017-01-30,67.9700,67.9700,65.4700,66.4000,143435
2017-01-27,66.8600,67.8000,66.8600,67.7000,107679
2017-01-26,68.0000,68.0000,66.3100,66.8000,107224
2017-01-25,65.8900,67.9400,65.6800,67.0400,114903
2017-01-24,65.2300,65.2300,65.2300,65.2300,159356
2017-01-23,67.0000,67.1300,65.3800,65.5300,159111
2017-01-20,67.9600,68.5800,66.5000,66.7100,167717
2017-01-19,66.6900,68.2100,66.2800,67.4700,175538
2017-01-18,64.9900,66.3100,64.2200,66.1700,155674
2017-01-17,64.3700,64.9700,63.0000,64.6100,144473
2017-01-16,63.8200,64.0000,63.3000,64.0000,30407
2017-01-13,63.9000,64.8800,63.0200,63.1400,114854
2017-01-12,64.0000,64.0000,62.5600,63.8300,79687
2017-01-11,63.7500,64.4700,62.5600,63.7400,144239
2017-01-10,62.4400,64.7400,62.2800,63.3400,131031
2017-01-09,62.1200,62.8600,61.7500,62.5400,79175
2017-01-06,62.9800,63.0500,60.3400,62.0300,198457
2017-01-05,58.8000,63.4300,58.5000,63.1600,268340
2017-01-04,57.9600,59.0200,57.1500,58.8600,84716
2017-01-03,58.2200,58.4000,56.6000,57.6500,83632
2016-12-30,58.4700,58.4700,57.2500,57.7000,31056
2016-12-29,59.4500,59.4500,57.4400,58.1800,67144
2016-12-28,58.5000,60.0000,58.1800,58.7200,144216
2016-12-23,54.9800,56.0000,54.4000,55.9300,58412
2016-12-22,54.9500,55.1700,53.7500,54.3000,81173
2016-12-21,55.6600,55.6600,54.4800,54.6500,49215
2016-12-20,56.1800,56.2600,55.0000,55.2900,59258
2016-12-19,56.3600,57.3900,56.0200,56.1800,62902
2016-12-16,57.1400,57.1400,56.0400,56.2500,38923
2016-12-15,55.5300,57.1900,55.3100,56.6200,83214
2016-12-14,55.5400,55.6300,54.4400,55.6000,146924
2016-12-13,55.3700,55.9400,55.0200,55.4600,46397
2016-12-12,56.3200,56.3200,55.0500,55.3800,74471
2016-12-09,56.8700,57.5500,55.1100,55.8000,90303
2016-12-08,54.4500,56.6900,53.6600,56.1700,121175
2016-12-07,54.7900,54.7900,53.1900,54.1100,98281
2016-12-06,54.9900,54.9900,53.4500,54.4100,91194
2016-12-05,53.0200,54.5600,52.5100,54.0200,126972
2016-12-02,52.8300,53.5900,51.4600,52.0800,207316
2016-12-01,56.0000,56.2700,52.8000,52.8600,233149
2016-11-30,57.9600,57.9600,55.8900,56.3800,123923
2016-11-29,57.2700,57.9700,57.0000,57.3300,56789
2016-11-28,58.8200,58.8200,56.8000,56.9400,79143
2016-11-25,58.9600,59.0400,58.2100,58.9900,44515
2016-11-24,58.4900,59.0000,58.4600,58.6200,36982
2016-11-23,58.2200,58.5500,57.4900,58.1000,70881
2016-11-22,60.6000,60.6000,57.2000,57.8100,102956
2016-11-21,59.7000,60.9300,59.0000,60.2300,105967
2016-11-18,57.4800,59.7800,57.0000,59.5500,150562
2016-11-17,54.6200,56.9100,54.3000,56.9100,108921
2016-11-16,53.7400,54.6200,53.4100,54.3000,56488
2016-11-15,50.8400,54.2900,50.8400,53.6500,121351
2016-11-14,54.2200,54.2200,51.1700,51.3600,93281
2016-11-11,54.0700,54.0700,52.7600,53.7300,76052
2016-11-10,55.0200,56.0000,53.2800,54.0200,94124
2016-11-09,53.5100,55.3500,53.0300,54.3200,107080
2016-11-08,53.8000,55.2600,53.2800,55.0200,74643
2016-11-07,54.4300,54.4300,52.9700,53.7500,89252
2016-11-04,54.4500,54.5000,52.3000,52.5200,78332
2016-11-03,57.9900,57.9900,51.7800,54.0400,211546
2016-11-02,56.0000,60.2100,56.0000,58.2900,197636
2016-11-01,56.1000,56.1300,54.7500,54.9400,37589
2016-10-31,55.2500,55.8900,54.7900,55.5800,47271
2016-10-28,55.5500,55.7100,54.6700,54.7000,82313
2016-10-27,57.6500,58.2600,55.3400,55.3400,96410
2016-10-26,58.1100,58.4000,57.3900,57.4700,56127
2016-10-25,59.0000,59.0000,57.5600,58.0800,63332
2016-10-24,58.5000,59.0000,58.3000,58.8100,64681
2016-10-21,57.3600,58.2300,56.9600,57.9600,85654
2016-10-20,57.6200,57.6600,56.5500,57.1500,49077
2016-10-19,55.7600,57.8400,55.6000,57.0100,72828
2016-10-18,55.7800,55.8800,55.3300,55.7600,53396
2016-10-17,56.2400,56.2400,54.8000,55.1700,51724
2016-10-14,55.9700,57.3000,55.9700,56.3100,76075
2016-10-13,55.5600,55.8200,53.3100,55.5900,131747
2016-10-12,56.1100,56.6600,55.3300,56.2500,93582
2016-10-11,58.9500,58.9500,55.6700,56.0400,151928
2016-10-07,58.0000,59.1300,57.6600,59.1000,63566
2016-10-06,57.8800,58.0000,57.1800,57.7300,64559
2016-10-05,57.7900,58.3100,57.2500,57.8800,72346
2016-10-04,57.5300,57.9900,56.9000,57.2700,93167
2016-10-03,57.4900,57.4900,55.5200,56.4000,78708
2016-09-30,56.8300,56.8700,56.1000,56.2900,39184
2016-09-29,55.8300,57.5800,55.8300,56.5900,97596
2016-09-28,56.5800,57.0400,54.0000,56.0900,239940
2016-09-27,57.2800,58.0400,57.1100,58.0100,69843
2016-09-26,57.0200,57.3700,56.5200,56.9800,48713
2016-09-23,58.0200,58.0200,56.5000,57.1800,67073
2016-09-22,58.9900,58.9900,56.9300,57.3300,120196
2016-09-21,56.6200,58.5200,56.4000,58.2900,111030
2016-09-20,56.8800,57.2500,54.8800,56.1200,104517
2016-09-19,55.2100,59.0300,55.0600,56.8800,150270
2016-09-16,55.4900,55.4900,53.9500,54.6800,97978
2016-09-15,54.5400,55.3050,53.8800,54.9500,75036
2016-09-14,53.9900,54.8600,53.5600,54.0000,84322
2016-09-13,54.3900,54.5400,52.6200,53.5300,65145
2016-09-12,52.9900,55.3000,52.2200,54.3700,78155
2016-09-09,55.7400,55.7800,53.1100,53.5500,83375
2016-09-08,55.2400,56.0000,54.7200,55.8600,47860
2016-09-07,56.0000,56.0000,54.6400,55.2200,69888
2016-09-06,55.5400,55.9500,54.7400,55.5800,57585
2016-09-02,53.4000,56.9200,53.3500,55.0400,99430
2016-09-01,54.4500,54.4500,52.3100,53.3500,95470
2016-08-31,54.0500,54.4000,53.6400,54.4000,178539
2016-08-30,54.4800,54.4800,53.5000,54.0200,27292
2016-08-29,54.4900,54.4900,53.6700,53.8500,42477
2016-08-26,52.5100,54.1500,52.5100,54.0700,59328
2016-08-25,52.9000,53.1400,52.1000,52.6100,113177
2016-08-24,54.2900,55.1100,52.6500,52.9000,81809
2016-08-23,55.0100,56.3000,53.8700,53.9600,99705
2016-08-22,55.2600,55.2600,53.6000,55.0400,98991
2016-08-19,52.4300,55.4000,51.8100,55.4000,336798
2016-08-18,49.8900,51.9500,49.6500,51.3600,85941
2016-08-17,50.1800,50.8600,49.6400,49.8000,115795
2016-08-16,49.5000,50.7100,47.6600,49.3800,142653
2016-08-15,51.5300,51.5400,50.2700,50.4300,68754
2016-08-12,51.5100,52.4900,50.5800,51.0600,73123
2016-08-11,51.8400,53.1100,51.6000,51.7100,97458
2016-08-10,50.8700,51.8700,50.8700,51.3700,86703
2016-08-09,50.8400,51.4100,50.2200,50.8500,48668
2016-08-08,49.3100,50.9300,49.1300,50.5300,95935
2016-08-05,49.0000,49.2700,47.9600,48.8600,68474
2016-08-04,47.5100,48.1100,46.3900,47.9600,96783
2016-08-03,46.0000,48.5400,44.0000,48.0100,272890
2016-08-02,44.7400,45.0200,42.9400,43.9300,69337
2016-07-29,45.2000,45.3700,43.9500,44.7500,53076
2016-07-28,43.8200,45.5200,43.8200,45.1400,61624
2016-07-27,42.9900,44.2700,42.9900,43.8000,32272
2016-07-26,43.3500,43.3500,42.0900,42.9300,35412
2016-07-25,43.4100,43.6900,43.0000,43.1300,25282
2016-07-22,43.2400,44.0000,42.5800,43.1800,44688
2016-07-21,43.2400,43.5700,42.1100,42.8500,28747
2016-07-20,42.7700,43.8800,42.7700,43.2000,64598
2016-07-19,42.2300,43.5400,42.0000,43.3200,90797
2016-07-18,42.5000,42.7200,41.5500,41.7200,30580
2016-07-15,41.5000,42.0000,41.1500,41.8000,34600
2016-07-14,41.9900,42.0000,41.1500,41.4100,33383
2016-07-13,42.5900,42.9200,41.4000,41.4700,39939
2016-07-12,41.6400,43.2000,41.6400,42.3600,114367
2016-07-11,40.4300,41.9000,40.4300,41.8000,57164
2016-07-08,39.6600,40.6300,39.6600,40.4400,45735
2016-07-07,39.6400,39.7000,39.3400,39.4800,32935
2016-07-06,39.4000,39.8900,39.1500,39.6800,43265
2016-07-05,40.1300,40.1300,39.2900,39.6100,41581
2016-07-04,40.5000,40.8000,39.6200,40.1800,25987
2016-06-30,39.5800,40.3900,38.9500,39.7600,65218
2016-06-29,37.9100,39.4000,37.9100,39.3500,113601
2016-06-28,36.3700,37.1800,35.6000,37.1600,107469
2016-06-27,37.8800,37.8800,34.4500,35.5100,98345
2016-06-24,38.0000,39.0000,37.0200,37.8600,82787
2016-06-23,38.5600,40.2400,37.9700,39.8700,101989
2016-06-22,38.4300,38.4300,37.8100,38.2400,38526
2016-06-21,38.1300,38.4200,37.7600,38.2500,115976
2016-06-20,37.6500,38.5400,36.9500,38.1400,191022
2016-06-17,36.6200,37.4500,36.3500,37.2600,53822
2016-06-16,37.6000,37.6000,36.4000,36.7100,36162
2016-06-15,37.5700,38.0000,37.0100,37.1000,42376
2016-06-14,35.7600,37.3600,35.7600,37.3200,36239
2016-06-13,36.0600,36.2300,35.5400,35.8200,46419
2016-06-10,37.2700,37.2700,35.9000,36.1200,43880
2016-06-09,38.4400,38.4400,37.3200,37.4400,27540
2016-06-08,38.0800,38.5400,37.7600,38.2500,29603
2016-06-07,38.5200,38.6400,37.7700,38.1400,29491
2016-06-06,38.7600,38.7600,38.0200,38.4300,36108
2016-06-03,39.0600,39.0600,37.9500,38.2800,59569
2016-06-02,40.6100,40.6100,38.9800,39.1200,90330
2016-06-01,39.4000,41.0000,39.1800,40.5700,255130
2016-05-31,37.9900,38.5800,37.4000,38.4700,500266
2016-05-30,37.7300,38.8100,37.2800,38.2000,61692
2016-05-27,36.3500,37.3700,36.1700,37.2700,44028
2016-05-26,36.9300,36.9300,35.8300,36.0100,57421
2016-05-25,35.8200,36.9000,35.5500,36.7100,70863
2016-05-24,34.5300,35.8200,34.4900,35.5700,70905
2016-05-20,34.3800,34.6600,34.1500,34.2500,32945
2016-05-19,34.3400,34.5000,33.8000,34.0200,56913
2016-05-18,34.9500,35.4500,34.1100,34.3700,65062
2016-05-17,33.9400,34.7900,33.7100,34.5900,49426
2016-05-16,34.0900,34.2000,33.5500,33.7100,44750
2016-05-13,34.6500,35.1100,33.8500,34.0300,78470
2016-05-12,33.5300,34.8100,33.5300,34.6100,56936
2016-05-11,34.4700,34.4700,33.4900,33.7900,73308
2016-05-10,34.3100,34.6400,33.8800,34.4600,57568
2016-05-09,35.8100,35.8100,33.5000,34.3700,81478
2016-05-06,36.3900,36.6600,35.5200,35.9100,69138
2016-05-05,38.2300,38.2300,36.2500,36.7800,142573
2016-05-04,39.0000,39.5900,36.0000,38.1900,201787
2016-05-03,39.3300,39.7000,38.9000,39.1900,32599
2016-05-02,39.8000,39.8000,38.7500,39.4200,101129
2016-04-29,39.8900,40.3600,39.7300,39.9400,35070
2016-04-28,40.2500,40.3000,39.7100,39.8900,27352
2016-04-27,40.1000,40.2700,39.5300,40.1900,30173
2016-04-26,39.7500,39.7700,39.0600,39.7600,21057
2016-04-25,40.6200,40.6200,39.1000,39.5900,30404
2016-04-22,40.1600,40.5200,39.5000,40.2500,30032
2016-04-21,40.0000,40.3200,39.8600,40.1800,24481
2016-04-20,40.8800,40.9000,39.8500,39.8500,44785
2016-04-19,40.5000,40.9900,40.0000,40.5000,52183
2016-04-18,39.9900,40.8400,39.2200,40.3500,52644
2016-04-15,39.7800,39.9300,39.3000,39.8300,28433
2016-04-14,38.5900,39.7800,38.2600,39.7800,47241
2016-04-13,38.6200,38.7500,38.0000,38.2200,37775
2016-04-12,38.1000,38.4300,37.8000,37.9500,43836
2016-04-11,39.3100,39.3100,38.0700,38.1100,40652
2016-04-08,38.5000,38.8600,38.0500,38.3300,25638
2016-04-07,38.6600,38.9800,38.1400,38.4000,26666
2016-04-06,37.9500,38.9500,37.9200,38.6600,33582
2016-04-05,38.3700,38.3700,37.7100,37.9000,33385
2016-04-04,37.5200,39.0900,37.5200,38.1200,93478
2016-04-01,36.6500,37.2600,36.2000,37.0300,56407
2016-03-31,36.5000,36.9200,35.9600,36.7200,44068
2016-03-30,36.8600,37.0800,35.9600,36.1000,44915
2016-03-29,36.5700,36.8800,36.2000,36.6000,32545
2016-03-28,36.6800,36.6800,35.5200,36.3700,40350
2016-03-24,35.9900,36.4100,34.9500,35.8500,35324
2016-03-23,35.6700,35.9500,34.4300,34.5800,47938
2016-03-22,36.6600,36.7700,35.3100,35.8400,80002
2016-03-21,37.4100,37.5500,36.1600,36.6700,53278
2016-03-18,36.1500,37.4800,35.8000,36.9900,121125
2016-03-17,35.0200,35.4900,34.7000,35.2200,29414
2016-03-16,34.6700,35.4900,34.2500,35.1600,41935
2016-03-15,35.2900,35.2900,34.3400,34.5900,50441
2016-03-14,35.9400,35.9400,34.8900,35.2800,40906
2016-03-11,34.3300,35.4000,34.1200,35.3700,42262
2016-03-10,35.2700,35.2700,33.6500,34.0300,59122
2016-03-09,36.3600,36.3600,34.5300,34.5900,73626
2016-03-08,34.9900,36.1500,34.8200,35.8800,103872
2016-03-07,33.9500,34.3900,33.0300,34.2400,69334
2016-03-04,32.8300,33.9300,32.8200,33.5100,40003
2016-03-03,32.5600,34.4100,31.7500,32.6100,83375
2016-03-02,30.4700,32.7400,30.4000,32.5300,75221
2016-03-01,30.1200,30.6200,29.9000,30.4100,44712
2016-02-29,29.9200,30.9000,29.6400,30.1300,152429
2016-02-26,29.6400,29.8500,29.0000,29.7900,45598
2016-02-25,29.0300,29.5800,28.3800,29.3800,38905
2016-02-24,27.8900,28.9500,27.2700,28.7100,59772
2016-02-23,29.5100,29.5100,27.0000,27.7100,68019
2016-02-22,28.7200,29.2000,28.3200,29.1600,54168
2016-02-19,28.7800,28.7800,27.5000,28.3400,85051
2016-02-18,31.4900,31.5000,28.3000,28.3400,146724
2016-02-17,33.3200,34.2600,29.7100,30.7000,190959
2016-02-16,28.9600,29.6400,27.6400,28.4800,266340
2016-02-12,27.0300,27.3800,25.8500,26.8100,32831
2016-02-11,27.3000,27.8900,26.3500,26.9500,20116
2016-02-10,28.4100,28.5000,27.6700,27.7500,24443
2016-02-09,28.0300,29.0000,27.3400,27.5300,22911
2016-02-08,29.2100,29.8800,27.8100,28.4400,53779
2016-02-05,32.3700,32.3700,29.6500,30.4100,54861
2016-02-04,32.1600,32.5200,31.4400,32.2300,54418
2016-02-03,31.7700,31.7700,30.3600,31.6700,83953
2016-02-02,32.6900,33.0100,31.2000,31.7600,39866
2016-02-01,33.0600,33.0600,32.1000,32.7200,10012
2016-01-29,31.3400,32.6800,31.2900,32.5000,84613
2016-01-28,31.1900,32.0000,30.9200,31.6100,28463
2016-01-27,32.1200,32.7000,31.0300,31.0300,46751
2016-01-26,33.2800,33.2800,31.7500,32.5100,22107
2016-01-25,33.2900,33.7100,32.3000,33.1000,39098
2016-01-22,33.4500,33.4800,32.0500,32.7000,35390
2016-01-21,29.4400,33.3000,29.4400,32.6000,76461
2016-01-20,29.4900,30.3100,27.2000,29.7300,51563
2016-01-19,30.7400,31.2900,29.5000,29.5600,55058
2016-01-18,28.1800,28.9300,28.1500,28.5900,10867
2016-01-15,29.4400,29.4400,26.8400,28.9000,60149
2016-01-14,30.2800,30.5200,28.5600,29.5900,39248
2016-01-13,33.9600,33.9600,30.6300,30.6800,46089
2016-01-12,34.4500,35.0800,33.5000,33.8000,48238
2016-01-11,35.3700,35.3700,33.5000,33.8900,38676
2016-01-08,34.8900,35.7000,34.8900,35.1500,18152
2016-01-07,35.5700,35.7500,34.7500,34.7600,28230
2016-01-06,35.1300,35.6600,34.0000,35.6100,18691
2016-01-05,36.1600,36.8200,35.2400,35.4500,50031
2016-01-04,35.4800,36.0000,34.1500,35.9200,36602
2015-12-31,36.2100,36.2500,34.9400,35.6000,18272
2015-12-30,35.1100,37.0000,35.1100,36.0900,33269
2015-12-29,34.7900,35.6000,34.6700,34.8000,36054
2015-12-24,34.6100,35.2500,34.5900,34.9900,4513
2015-12-23,34.0600,35.1000,34.0600,34.5000,11095
2015-12-22,34.1200,34.5500,33.8800,34.4300,21874
2015-12-21,35.7000,36.0600,33.6400,34.1400,39899
2015-12-18,37.1900,37.1900,35.3500,35.3500,45371
2015-12-17,36.7100,37.4400,36.4000,37.0000,71876
2015-12-16,35.5000,36.3400,35.0100,36.1600,25733
2015-12-15,33.3100,35.0200,33.3000,34.9400,39172
2015-12-14,34.0000,34.1400,33.3000,33.5500,17343
2015-12-11,33.9000,34.2200,33.6200,34.0800,14138
2015-12-10,33.3100,34.3300,33.3100,34.0700,18281
2015-12-09,35.5900,35.5900,33.2500,33.6600,73347
2015-12-08,36.0100,36.3900,35.5000,35.9900,14721
2015-12-07,36.1100,36.5600,35.9500,36.3000,19418
2015-12-04,36.0300,36.4500,35.9000,36.3200,28749
2015-12-03,35.8600,35.8600,35.0700,35.7500,16725
2015-12-02,35.2500,35.4300,34.5100,35.2900,31500
2015-12-01,35.2200,35.7000,34.9800,35.2100,59222
2015-11-30,36.0200,36.0200,35.0500,35.2400,118550
2015-11-27,36.1600,36.2000,35.3200,36.2000,26591
2015-11-26,35.9700,36.7500,35.5000,36.3600,22262
2015-11-25,36.0900,36.5800,35.0000,35.2400,36571
2015-11-24,38.2000,38.2000,35.7300,35.9800,103452
2015-11-23,37.7500,38.7800,37.2900,38.7400,30116
2015-11-20,39.4900,39.4900,37.0000,37.6200,55751
2015-11-19,37.3300,39.4400,36.9800,39.1800,64773
2015-11-18,35.7800,37.3400,35.4700,37.3400,81045
2015-11-17,35.0500,36.0000,34.0000,35.2400,109724
2015-11-16,38.3100,38.3100,35.3700,36.5600,81639
2015-11-13,39.2100,39.7800,37.5000,37.9200,54226
2015-11-12,37.0200,39.5400,36.8400,38.3900,24270
2015-11-11,38.2000,38.2000,36.8000,37.3700,21108
2015-11-10,40.9600,40.9600,37.3600,38.1600,69725
2015-11-09,42.1000,42.1000,39.5500,40.1000,64950
2015-11-06,42.7500,43.0000,41.9000,41.9000,58798
2015-11-05,42.7200,44.0600,41.4200,41.7200,65365
2015-11-04,43.9900,44.2400,38.9400,41.5000,114496
2015-11-03,41.1900,41.5000,39.1600,41.3000,66522
2015-11-02,42.3600,43.9900,40.5200,40.5200,51399
2015-10-30,41.3200,42.3600,41.0000,42.0600,31362
2015-10-29,41.1300,41.9100,39.7000,41.6100,25921
2015-10-28,41.0000,41.1500,40.1200,41.1500,22183
2015-10-27,40.5100,41.1400,39.4900,40.8700,40709
2015-10-26,41.7000,41.7000,40.5000,41.0200,29543
2015-10-23,42.9600,42.9600,41.0000,41.7300,36389
2015-10-22,42.1700,42.5300,41.6300,41.9100,22928
2015-10-21,41.0500,42.6200,40.8600,42.0000,46517
2015-10-20,43.6000,43.6000,40.5100,40.9000,59381
2015-10-19,45.3600,45.3600,43.2400,43.3900,33710
2015-10-16,44.2500,44.5000,43.2700,44.4600,25146
2015-10-15,43.5000,44.3200,43.0000,43.8500,19254
2015-10-14,44.2200,44.8300,41.9100,43.4400,61174
2015-10-13,46.0800,46.5000,43.0300,43.2200,91128
2015-10-09,49.9400,49.9500,47.7300,47.9500,22750
2015-10-08,49.5800,50.8500,47.8900,49.7200,66284
2015-10-07,46.9700,48.7100,46.8400,48.5000,46657
2015-10-06,49.0000,49.0000,45.6000,47.1100,75327
2015-10-05,47.4700,51.2900,47.4300,48.0000,91897
2015-10-02,46.8800,47.5000,45.2700,47.2800,30552
2015-10-01,47.4600,47.4600,44.8000,46.3800,31883
2015-09-30,46.0300,47.6500,45.3300,46.6600,18188
2015-09-29,43.0400,45.4100,43.0400,45.2500,31299
2015-09-28,45.0900,45.2100,43.4800,44.2500,64105
2015-09-25,45.0800,47.4500,44.2300,45.2100,62726
2015-09-24,44.6200,45.5000,42.8800,44.4600,60111
2015-09-23,45.1400,46.0000,43.8300,44.7300,32860
2015-09-22,45.4800,45.7800,43.6300,44.4800,52751
2015-09-21,46.1000,48.8200,45.8000,46.0500,61488
2015-09-18,47.5000,48.7500,45.0400,46.9400,99752
2015-09-17,39.4900,49.8500,39.2800,47.2500,165217
2015-09-16,37.8400,38.7000,37.4600,38.0900,5063
2015-09-15,36.4900,37.5000,36.0000,37.2200,10717
2015-09-14,34.6000,36.0000,34.5000,36.0000,8395
2015-09-11,34.8800,35.0000,34.0500,34.9000,6368
2015-09-10,34.4300,35.0000,34.0000,34.0000,7537
2015-09-09,36.0000,37.6900,34.3700,34.3800,26159
2015-09-08,36.3000,36.4900,35.4600,35.5100,6546
2015-09-04,36.4000,36.4000,35.0000,35.5000,5949
2015-09-03,35.3000,36.8200,35.3000,36.0900,8592
2015-09-02,35.5000,36.0600,34.7500,35.3000,9816
2015-09-01,36.2400,36.2400,34.9000,34.9800,30747
2015-08-31,37.0000,37.8900,36.0000,36.7100,14690
2015-08-28,37.3500,38.2500,36.7100,36.9900,15852
2015-08-27,37.8000,39.1500,37.2800,37.5700,22117
2015-08-26,37.9100,37.9900,35.1000,37.6500,29366
2015-08-25,37.5500,39.5000,35.8900,36.0300,43675
2015-08-24,31.0500,37.4200,30.5000,35.0000,100879
2015-08-21,37.7500,39.3000,36.0000,36.6800,29216
2015-08-20,40.9100,40.9100,38.2600,38.5800,27844
2015-08-19,42.2500,42.2500,40.2700,40.9100,28331
2015-08-18,44.3200,44.5500,42.5200,42.5200,14265
2015-08-17,45.5100,45.5500,43.8600,45.3600,7093
2015-08-14,47.1800,47.1800,44.8000,45.4750,12984
2015-08-13,45.7400,47.6900,45.0000,46.4500,16411
2015-08-12,45.6000,45.6000,43.8300,45.2600,11561
2015-08-11,42.9200,46.7100,42.9200,46.0500,19572
2015-08-10,47.2000,47.2500,42.8700,43.0600,19771
2015-08-07,47.5300,47.5300,45.0100,46.5100,17100
2015-08-06,49.9800,50.7500,46.2600,47.3200,42935
2015-08-05,50.5600,52.5000,50.1600,50.3800,22264
2015-08-04,50.6800,53.5000,50.4000,50.4000,44667
2015-07-31,48.0200,49.7200,47.7400,48.8800,25170
2015-07-30,50.0000,52.0000,47.9700,49.5000,84781
2015-07-29,43.9500,44.8000,43.2000,44.5200,13871
2015-07-28,42.8600,44.5800,42.5400,44.2500,11159
2015-07-27,42.9900,43.9100,41.8200,42.8600,10115
2015-07-24,43.8400,45.3700,43.5600,43.5600,20155
2015-07-23,43.2900,44.7500,42.7500,42.8300,12409
2015-07-22,41.8900,43.4900,41.0000,42.0600,13990
2015-07-21,44.1600,44.8900,41.7300,43.0000,24482
2015-07-20,41.8900,44.0000,41.5000,43.6400,31165
2015-07-17,38.5000,41.9000,38.0000,41.9000,39740
2015-07-16,38.0100,38.4700,37.5000,38.0000,5086
2015-07-15,39.9900,39.9900,37.5000,37.9000,16406
2015-07-14,39.6200,39.7900,39.0500,39.4500,17185
2015-07-13,38.0000,39.5500,38.0000,38.7500,14189
2015-07-10,38.4200,38.5000,37.1500,37.4800,13072
2015-07-09,37.6500,38.5000,36.7000,37.2500,8520
2015-07-08,39.0000,39.0000,37.0500,37.0500,24171
2015-07-07,38.4600,39.0100,36.4100,39.0100,23303
2015-07-06,38.4500,39.9500,38.4500,38.4600,9288
2015-07-03,39.0000,40.0700,39.0000,39.8000,6818
2015-07-02,39.6800,40.0600,38.6000,39.2500,28036
2015-06-30,38.9900,42.7400,38.9900,42.3800,22790
2015-06-29,40.3400,41.4500,38.6600,38.7700,25632
2015-06-26,43.4500,43.4500,40.6000,41.2000,25017
2015-06-25,44.9900,45.1500,42.9000,43.3000,14354
2015-06-24,44.4900,46.2200,42.5000,44.6000,22812
2015-06-23,47.1300,47.2000,43.4100,43.4100,27499
2015-06-22,44.6900,47.4900,44.6800,45.5000,43070
2015-06-19,44.4400,44.7250,40.0000,43.2000,56508
2015-06-18,47.2000,47.2000,42.0000,43.5000,83245
2015-06-17,48.8000,51.9200,47.0100,47.1900,106688
2015-06-16,44.8900,47.2000,44.6900,46.9500,62258
2015-06-15,42.0000,46.9900,41.3600,43.5000,87251
2015-06-12,38.9200,41.5000,38.6700,41.4500,61824
2015-06-11,35.5000,37.6500,35.5000,37.6500,23911
2015-06-10,34.8300,34.9900,34.3700,34.5000,11558
2015-06-09,33.2900,34.9900,33.0100,34.9900,0
2015-06-08,33.9800,34.1100,33.5000,33.6400,0
2015-06-05,33.9700,33.9800,33.1000,33.9800,4341
2015-06-04,34.9900,34.9900,31.8800,33.4500,32221
2015-06-03,33.9800,34.2600,33.0000,34.1900,29821
2015-06-02,34.7200,34.7200,33.1300,33.1300,7318
2015-06-01,33.7300,34.2700,33.5200,33.8500,8839
2015-05-29,33.7100,34.1100,33.3500,33.5200,15319
2015-05-28,34.6000,34.6000,33.1400,34.0000,28756
2015-05-27,38.0000,38.1600,33.6300,34.5000,135778
2015-05-26,37.2600,37.6900,36.3000,36.9200,75935
2015-05-25,35.0000,37.4700,35.0000,37.2600,105460
2015-05-22,32.3200,38.0000,32.0000,34.9400,224174
2015-05-21,35.0300,35.0300,30.0000,31.2500,211058
